use ReadingService;

insert into Publisher (publisherId, publisherName) values (1, 'Douglas and Sons');
insert into Publisher (publisherId, publisherName) values (2, 'Bosco');
insert into Publisher (publisherId, publisherName) values (3, 'Muller Group');
insert into Publisher (publisherId, publisherName) values (4, 'Berge LLC');
insert into Publisher (publisherId, publisherName) values (5, 'Grimes-Bahringer');

insert into Newspaper (newspaperId, newspaperName, publishDate, price, publisherId) values (1, 'Weekly World', '2019-10-15 18:27:08', 19, 3);
insert into Newspaper (newspaperId, newspaperName, publishDate, price, publisherId) values (2, 'Union Daily', '2020-03-27 17:36:32', 20, 4);
insert into Newspaper (newspaperId, newspaperName, publishDate, price, publisherId) values (3, 'Tribune Daily Newspaper', '2019-12-30 10:37:59', 12, 3);
insert into Newspaper (newspaperId, newspaperName, publishDate, price, publisherId) values (4, 'Morning Eyewitness', '2020-01-05 05:52:57', 9, 4);
insert into Newspaper (newspaperId, newspaperName, publishDate, price, publisherId) values (5, 'Morning Leader Newspaper', '2019-08-26 03:48:29', 11, 5);
insert into Newspaper (newspaperId, newspaperName, publishDate, price, publisherId) values (6, 'Union Daily Observer', '2019-12-17 17:08:40', 17, 4);
insert into Newspaper (newspaperId, newspaperName, publishDate, price, publisherId) values (7, 'Witness Daily', '2020-02-16 19:21:40', 18, 3);
insert into Newspaper (newspaperId, newspaperName, publishDate, price, publisherId) values (8, 'Local Morning', '2019-12-25 04:43:49', 18, 1);
insert into Newspaper (newspaperId, newspaperName, publishDate, price, publisherId) values (9, 'The State Sentinel', '2019-09-15 17:56:39', 6, 4);
insert into Newspaper (newspaperId, newspaperName, publishDate, price, publisherId) values (10, 'The State Times', '2019-07-13 10:20:57', 21, 4);
insert into Newspaper (newspaperId, newspaperName, publishDate, price, publisherId) values (11, 'Sunrise Record', '2020-04-20 04:32:43', 5, 2);
insert into Newspaper (newspaperId, newspaperName, publishDate, price, publisherId) values (12, 'Pioneer Daily', '2019-06-01 06:48:44', 10, 3);
insert into Newspaper (newspaperId, newspaperName, publishDate, price, publisherId) values (13, 'Local Voice Times', '2019-08-25 17:37:31', 15, 3);
insert into Newspaper (newspaperId, newspaperName, publishDate, price, publisherId) values (14, 'Heritage News', '2019-09-15 19:14:29', 25, 5);
insert into Newspaper (newspaperId, newspaperName, publishDate, price, publisherId) values (15, 'Independent Daily', '2019-08-01 07:11:47', 17, 4);
insert into Newspaper (newspaperId, newspaperName, publishDate, price, publisherId) values (16, 'Look Back Daily', '2019-11-16 04:25:21', 19, 1);
insert into Newspaper (newspaperId, newspaperName, publishDate, price, publisherId) values (17, 'Inside Press', '2019-06-02 03:04:45', 11, 2);
insert into Newspaper (newspaperId, newspaperName, publishDate, price, publisherId) values (18, 'Metro Observer Daily', '2019-11-13 04:54:08', 6, 5);
insert into Newspaper (newspaperId, newspaperName, publishDate, price, publisherId) values (19, 'Enterprise Time', '2020-01-30 17:10:48', 5, 1);
insert into Newspaper (newspaperId, newspaperName, publishDate, price, publisherId) values (20, 'Business News', '2019-07-05 03:31:50', 15, 2);


insert into Article (articleId, articleTitleRef, publishedOn, articleContentRef, newspaperId) values (1, '89be28dc-5f06-4b80-a707-ff9d3e2b503f', '2020-04-21 11:32:13', 'e80e5a30-4c37-4092-ad6b-166e2f07e733', 20);
insert into Article (articleId, articleTitleRef, publishedOn, articleContentRef, newspaperId) values (2, '31d15969-8394-4fc1-9b0f-966c885d7615', '2019-07-09 03:03:09', '838a868e-b246-4635-8ff6-8eac35764c8d', 20);
insert into Article (articleId, articleTitleRef, publishedOn, articleContentRef, newspaperId) values (3, '068afb70-b13b-41c4-9c9f-87a93e328ac2', '2019-09-04 10:06:29', '6c82b898-5bf6-42d6-bf48-3c9a224555dc', 17);
insert into Article (articleId, articleTitleRef, publishedOn, articleContentRef, newspaperId) values (4, 'dd6a29c4-fddf-47e5-839a-c6ce0cb4eb31', '2019-07-18 04:40:16', '94fab264-c89b-48ab-974f-46757b0a39df', 19);
insert into Article (articleId, articleTitleRef, publishedOn, articleContentRef, newspaperId) values (5, '67cd2574-5348-443f-9310-a53872aa4ece', '2019-12-03 03:06:55', '1fb18139-2c6a-447a-82c5-3ac18a7c2121', 9);
insert into Article (articleId, articleTitleRef, publishedOn, articleContentRef, newspaperId) values (6, 'caa0ddd1-e5e1-44da-afa5-7fae20cb1775', '2019-09-28 00:44:13', '0856c952-4be5-4c88-8fe5-8e99fd7dd9c1', 6);
insert into Article (articleId, articleTitleRef, publishedOn, articleContentRef, newspaperId) values (7, '99168bab-db47-4949-b7e9-636c18f90287', '2020-05-13 13:02:39', '524e6d6a-c059-4054-9c53-b2cb5ff276ee', 3);
insert into Article (articleId, articleTitleRef, publishedOn, articleContentRef, newspaperId) values (8, '883a1c5b-2bb0-4e67-862f-2bb3eacfed0d', '2020-04-03 02:31:23', '235afb72-792b-4350-88db-e8d67ef97bc8', 8);
insert into Article (articleId, articleTitleRef, publishedOn, articleContentRef, newspaperId) values (9, '1c9b6199-4e33-498e-abf9-feb6d350db71', '2020-05-24 06:04:15', '9230390d-02c6-4532-bceb-7a0a39e81c69', 2);
insert into Article (articleId, articleTitleRef, publishedOn, articleContentRef, newspaperId) values (10, '3a284090-fa3d-4224-9233-347c350cb322', '2019-07-02 09:13:44', '66845872-7088-4b70-b24c-dcd76bfa1463', 14);
insert into Article (articleId, articleTitleRef, publishedOn, articleContentRef, newspaperId) values (11, '4fface89-5e35-4fb0-8081-14e7d2b9fc05', '2019-11-28 03:11:25', '3715439e-b94d-4270-a9f7-b36f97c7bcdf', 1);
insert into Article (articleId, articleTitleRef, publishedOn, articleContentRef, newspaperId) values (12, 'b49d616f-02c9-44f1-8017-01d12e27c928', '2019-09-21 18:52:24', '6f9e7824-8a4d-4e04-8671-f568a49efd03', 3);
insert into Article (articleId, articleTitleRef, publishedOn, articleContentRef, newspaperId) values (13, '6068bb41-3112-4fa9-8d86-55f2814a55a5', '2020-02-01 08:16:17', 'c34aef87-659c-499b-97d9-c92a4d610550', 14);
insert into Article (articleId, articleTitleRef, publishedOn, articleContentRef, newspaperId) values (14, '57e58b07-d80b-4b76-bb7a-d5cb5525fbbb', '2020-03-02 10:40:45', 'ef7189e5-d432-4e74-8c44-1a0dd6685cf4', 9);
insert into Article (articleId, articleTitleRef, publishedOn, articleContentRef, newspaperId) values (15, '9ca976c7-a348-4053-bb8d-f51a6df7e0eb', '2019-12-04 10:47:46', '98d9c087-0eb7-4d6b-89b9-9412e183cd91', 4);
insert into Article (articleId, articleTitleRef, publishedOn, articleContentRef, newspaperId) values (16, '13791676-f93d-4250-8392-1ca4f877f2f8', '2020-04-08 01:30:48', '81770d4d-56d1-43a8-86d2-9679858ee1dd', 2);
insert into Article (articleId, articleTitleRef, publishedOn, articleContentRef, newspaperId) values (17, '7764a9eb-d580-430f-9ddf-9bc57b5867ef', '2019-11-04 12:00:55', '4eabd1ec-24a8-4b89-9a4a-6d30317105f1', 20);
insert into Article (articleId, articleTitleRef, publishedOn, articleContentRef, newspaperId) values (18, '4be9b8d7-a4f3-4521-a1f9-6afd965078a2', '2019-10-20 02:51:03', 'ce3cf007-1fe6-4ec6-8091-f77c5ea101f3', 2);
insert into Article (articleId, articleTitleRef, publishedOn, articleContentRef, newspaperId) values (19, 'e325c831-a037-4543-9eb6-ee1f606c3c06', '2019-06-20 21:26:27', '25f8b9ae-0506-491f-b8dc-411d91282d4d', 17);
insert into Article (articleId, articleTitleRef, publishedOn, articleContentRef, newspaperId) values (20, 'f6e161c9-659e-4e4d-9e23-31977f7c27c4', '2019-10-29 02:26:07', 'cd445c96-461e-4fa6-a576-8308072454ca', 18);
insert into Article (articleId, articleTitleRef, publishedOn, articleContentRef, newspaperId) values (21, '5d7e5372-4e09-4ee4-add3-ee0a0a3bf662', '2019-11-30 19:08:16', '747f70de-c207-4565-8897-8851e68cf80d', 4);
insert into Article (articleId, articleTitleRef, publishedOn, articleContentRef, newspaperId) values (22, '60b53e10-e608-4ff2-8866-ddfb45844ca1', '2019-06-26 07:25:18', 'fa3552e6-4d37-43a8-a8c6-bdc5327b1e60', 8);
insert into Article (articleId, articleTitleRef, publishedOn, articleContentRef, newspaperId) values (23, '8f1c5826-7039-4919-8ff4-c6405b39892d', '2020-05-08 03:01:50', '4c7184c2-8dfe-435e-8f6f-f4a93e15c178', 1);
insert into Article (articleId, articleTitleRef, publishedOn, articleContentRef, newspaperId) values (24, 'ddc0d72f-3936-4489-aa57-69115163caae', '2019-08-24 15:41:54', 'f5aaf88a-0859-4a46-9bc4-6e6e0e80bc9f', 9);
insert into Article (articleId, articleTitleRef, publishedOn, articleContentRef, newspaperId) values (25, '9fe50363-1934-4641-ab0f-64dc87c77d9e', '2019-09-10 08:19:59', '2d60b70e-8005-45a4-be70-c101eb960873', 17);
insert into Article (articleId, articleTitleRef, publishedOn, articleContentRef, newspaperId) values (26, 'adb8ca43-ca90-48d8-9733-100264d68bdf', '2019-06-18 03:13:03', 'd38449d9-142a-4897-831d-cf01c9168883', 4);
insert into Article (articleId, articleTitleRef, publishedOn, articleContentRef, newspaperId) values (27, 'e1676743-e435-48b6-8f4a-f79e96425a43', '2019-10-16 12:26:11', '2ccdfa4e-3984-4d13-ac1b-387b4be72ad1', 6);
insert into Article (articleId, articleTitleRef, publishedOn, articleContentRef, newspaperId) values (28, 'ec7c215d-b84d-4b49-ab36-3bc0393bb6fd', '2019-07-08 20:08:20', '4d3cc93c-5ac3-444a-83fe-cdf5fdff9d9f', 19);
insert into Article (articleId, articleTitleRef, publishedOn, articleContentRef, newspaperId) values (29, 'e24e7021-2c29-424e-81a1-aaa14be00730', '2019-06-16 02:20:26', '102f957d-8f9d-44ae-92e3-59d3bac26db5', 20);
insert into Article (articleId, articleTitleRef, publishedOn, articleContentRef, newspaperId) values (30, 'f7659f7b-8d36-4b9b-8291-523a7c31c3fc', '2020-05-26 04:40:56', '06dd6dd8-1a60-4043-b0b6-6c87f3bdb0da', 2);
insert into Article (articleId, articleTitleRef, publishedOn, articleContentRef, newspaperId) values (31, '4063ffc6-594b-44e8-9015-1bde8c42eb68', '2020-02-09 15:16:51', '621805e5-fa8c-4d33-b4a5-2d4c13de8a56', 20);
insert into Article (articleId, articleTitleRef, publishedOn, articleContentRef, newspaperId) values (32, '656f4e1a-b469-4cce-b143-7b146b833e5e', '2019-08-30 18:45:49', '945c2806-e6b0-44c7-b4ca-431752fbe7a8', 4);
insert into Article (articleId, articleTitleRef, publishedOn, articleContentRef, newspaperId) values (33, '7af1eafc-ef58-460e-87fc-cfbc79ed7fe8', '2019-11-13 16:49:11', '628f12fd-0a53-4049-a8c1-e6ac07a94d74', 9);
insert into Article (articleId, articleTitleRef, publishedOn, articleContentRef, newspaperId) values (34, 'bc3cfe6f-2ad9-417e-ae26-7cd81c8d4eec', '2020-02-28 15:12:36', 'c201ebf7-2e74-400f-9c2e-bd709853bd19', 8);
insert into Article (articleId, articleTitleRef, publishedOn, articleContentRef, newspaperId) values (35, '7bd3355b-4d45-4a7a-b51a-87cc5285a235', '2019-09-20 20:22:41', 'b0274449-2d83-4787-b66f-3d6595fe78d2', 9);
insert into Article (articleId, articleTitleRef, publishedOn, articleContentRef, newspaperId) values (36, '2e5528b1-e3e3-4e87-8507-e193e7aab6b7', '2019-09-26 12:07:52', '1dae0cbf-ab03-4ff6-9313-e8bb753a9da6', 7);
insert into Article (articleId, articleTitleRef, publishedOn, articleContentRef, newspaperId) values (37, '48f10c94-0607-4a8d-a729-11160daad8f6', '2019-11-21 11:02:48', 'dc74c91e-1864-4ac1-8b5e-cf5afb83f3d9', 3);
insert into Article (articleId, articleTitleRef, publishedOn, articleContentRef, newspaperId) values (38, 'fd6dfae4-1705-4760-a8db-5587c2a8aab0', '2020-03-26 22:47:27', '7b14526c-e0ae-41c7-91a8-0882f0fc3cf0', 1);
insert into Article (articleId, articleTitleRef, publishedOn, articleContentRef, newspaperId) values (39, 'acec6bfb-5c38-4d10-8be1-866e5fd5585a', '2020-02-26 15:11:16', '93767c4d-bdfc-4b6d-9fc0-39e293be4c2f', 15);
insert into Article (articleId, articleTitleRef, publishedOn, articleContentRef, newspaperId) values (40, '387596c0-b010-4677-8a69-71898800c152', '2019-10-18 20:13:12', 'e52cdbb7-0a20-41c1-8bc4-44191176bb90', 1);
insert into Article (articleId, articleTitleRef, publishedOn, articleContentRef, newspaperId) values (41, '8c63249f-2994-48df-b0fd-502fd28db3e5', '2019-08-11 09:47:38', 'def5ddb5-19b9-4dc4-9bdc-f22fa0cd6073', 16);
insert into Article (articleId, articleTitleRef, publishedOn, articleContentRef, newspaperId) values (42, 'a99f3510-e01e-4315-8b26-a1186fb087a3', '2020-01-09 10:37:14', '54e69d46-93b9-40de-8570-56a4649daa05', 11);
insert into Article (articleId, articleTitleRef, publishedOn, articleContentRef, newspaperId) values (43, '9f67d6ed-71c9-4b2b-9b33-f57273d918f9', '2019-09-21 10:01:42', '9effd77b-8cd7-44d9-8fb5-f730f194b834', 19);
insert into Article (articleId, articleTitleRef, publishedOn, articleContentRef, newspaperId) values (44, '57ab5bbc-3893-484e-8cdd-3c20007566e1', '2020-01-06 14:43:15', '7909c773-509c-4ff9-810e-62b1c4bbd322', 9);
insert into Article (articleId, articleTitleRef, publishedOn, articleContentRef, newspaperId) values (45, 'e356b18c-0629-415b-b7d7-bfdbbf9b2efb', '2020-04-09 01:40:17', 'f2eb47c1-996c-4919-9b12-31825889052c', 2);
insert into Article (articleId, articleTitleRef, publishedOn, articleContentRef, newspaperId) values (46, 'c859d8d7-b1b4-4080-aa25-5a2ab669d7a1', '2020-03-23 07:59:11', '66c75df2-c99c-4f11-b4d9-42236a70fe83', 12);
insert into Article (articleId, articleTitleRef, publishedOn, articleContentRef, newspaperId) values (47, '5aeb7de2-7e0c-4212-9434-03e383dba17c', '2019-12-03 23:22:36', '7edd8a60-6005-4f8e-aa82-15a27e39aae5', 15);
insert into Article (articleId, articleTitleRef, publishedOn, articleContentRef, newspaperId) values (48, '5cd2fd35-bb71-4172-932d-e3e7ee017433', '2019-08-28 08:24:27', 'fe3064fc-c2ee-48f2-ba37-7b6715a24ca1', 19);
insert into Article (articleId, articleTitleRef, publishedOn, articleContentRef, newspaperId) values (49, '4ba878f9-548b-45a4-b0c2-760ddfbeff17', '2019-10-19 15:21:44', 'f4e150da-e7ee-449e-ba7a-07a19ccef0b8', 2);
insert into Article (articleId, articleTitleRef, publishedOn, articleContentRef, newspaperId) values (50, 'dc9490d8-2a53-40b7-b1c3-51a3821cfc44', '2019-12-07 23:52:57', 'd57b1440-b7c6-4860-9a80-8f62013ccab5', 6);
insert into Article (articleId, articleTitleRef, publishedOn, articleContentRef, newspaperId) values (51, '5718740e-4219-4d97-980e-ccb32005d9d7', '2019-08-03 04:35:36', '8d67b541-be8a-4eac-8398-713b831b849d', 15);
insert into Article (articleId, articleTitleRef, publishedOn, articleContentRef, newspaperId) values (52, 'be88f4d2-e502-4e0a-8373-d7ce10049b31', '2020-03-05 06:34:49', 'd3bfdcf8-7bad-490b-a196-a5d8a0c78bf1', 7);
insert into Article (articleId, articleTitleRef, publishedOn, articleContentRef, newspaperId) values (53, '7f04ab58-3b72-4b62-a3b0-1f63bc24cb85', '2019-06-24 17:29:54', '209cffe7-ca21-4849-91fd-0c8f50bf5967', 4);
insert into Article (articleId, articleTitleRef, publishedOn, articleContentRef, newspaperId) values (54, 'e6f04778-9973-40d0-b0d2-5bad8fae8e1f', '2019-12-04 05:16:28', '25128048-bc0d-46f4-ad1c-8c7ee5ef9961', 17);
insert into Article (articleId, articleTitleRef, publishedOn, articleContentRef, newspaperId) values (55, '4350130f-197a-4c11-91a7-5ff1b5a50cc0', '2020-05-28 22:40:48', '6b4368b2-e432-456e-be99-fd1e83004acb', 7);
insert into Article (articleId, articleTitleRef, publishedOn, articleContentRef, newspaperId) values (56, '99f0dd55-2fc7-4a04-a2a3-d276c6beb2a9', '2020-02-12 10:15:48', '7ea95736-5fd5-4f8b-a1dd-c467c02750f5', 2);
insert into Article (articleId, articleTitleRef, publishedOn, articleContentRef, newspaperId) values (57, '56d053f6-f27e-4099-9a7b-aef7df00a802', '2019-07-23 19:26:30', 'afeded95-9cc8-4526-9d46-04d1168d82d0', 15);
insert into Article (articleId, articleTitleRef, publishedOn, articleContentRef, newspaperId) values (58, 'c123c416-8d63-4fb0-9cb2-273d551d5b00', '2019-08-14 21:40:54', '014b7f35-ea91-496b-9f2a-086967c93aa8', 9);
insert into Article (articleId, articleTitleRef, publishedOn, articleContentRef, newspaperId) values (59, '0457fc45-d2a8-47dc-b30a-15b7e7e0dda0', '2019-06-14 08:07:33', 'b688ee0a-897e-4fad-99fc-d1e0668bdeb6', 14);
insert into Article (articleId, articleTitleRef, publishedOn, articleContentRef, newspaperId) values (60, 'f0ae3f77-0c1e-4b79-a43b-d256700878b4', '2020-01-12 04:42:24', 'ac80e252-bf8c-4082-8d6c-4637c695ce93', 16);
insert into Article (articleId, articleTitleRef, publishedOn, articleContentRef, newspaperId) values (61, '9d53b054-1374-4ff5-8999-484918c08030', '2019-06-26 03:05:43', '7b3a499f-7af7-4d8b-8782-4677f10010d7', 13);
insert into Article (articleId, articleTitleRef, publishedOn, articleContentRef, newspaperId) values (62, 'b20a55dd-cdc1-4a59-aa3e-5ecb6e84412a', '2019-11-20 01:59:44', 'b49e2867-3607-40e7-9c15-596b5c8679bb', 8);
insert into Article (articleId, articleTitleRef, publishedOn, articleContentRef, newspaperId) values (63, '96bce587-2999-4bce-b921-2b0b18ae2e2f', '2019-08-16 19:56:45', '2f3c6150-c9e4-4e77-b9e6-ba4b1254c552', 9);
insert into Article (articleId, articleTitleRef, publishedOn, articleContentRef, newspaperId) values (64, '2699ed24-f96f-4015-969e-aa10012191a5', '2020-03-11 07:14:42', '40271761-1dc6-4694-8f49-f81f5002157e', 10);
insert into Article (articleId, articleTitleRef, publishedOn, articleContentRef, newspaperId) values (65, 'bb02d980-f608-4bd2-9f96-8a758e3237f3', '2019-10-08 15:04:13', '36fa9639-9394-4016-a992-f8436670730a', 14);
insert into Article (articleId, articleTitleRef, publishedOn, articleContentRef, newspaperId) values (66, 'a9450744-179d-4222-abd8-10e3f287ea39', '2020-05-18 09:00:02', 'b6548b42-96d8-48fd-b05b-5c3c33f61f78', 18);
insert into Article (articleId, articleTitleRef, publishedOn, articleContentRef, newspaperId) values (67, '2791c436-5a70-4607-bda7-ef6695f83f03', '2020-04-11 03:01:54', 'e800a9f6-e570-47ec-a980-d7fdc2dcd124', 20);
insert into Article (articleId, articleTitleRef, publishedOn, articleContentRef, newspaperId) values (68, 'fc04f5ef-b71a-4ca3-9240-48bf8152060a', '2020-04-05 17:12:08', '60e647e8-0c5c-4c85-a897-2f01bf548bb5', 13);
insert into Article (articleId, articleTitleRef, publishedOn, articleContentRef, newspaperId) values (69, 'e31c92b2-1a0c-4b79-8faa-88780dfeff46', '2019-09-04 10:50:38', 'dc9486ee-df1b-466e-b23a-3f489b8c43c1', 10);
insert into Article (articleId, articleTitleRef, publishedOn, articleContentRef, newspaperId) values (70, '220d71e0-03dc-4e1f-a948-a3a13b35cf0b', '2020-04-05 04:30:48', 'b118678f-c68d-419a-9204-f7a024030386', 16);
insert into Article (articleId, articleTitleRef, publishedOn, articleContentRef, newspaperId) values (71, '7d88e908-b034-44d8-9de7-ced5b7677f7f', '2019-06-15 01:53:41', 'f50e408e-d71f-40c7-be99-7567274c078a', 6);
insert into Article (articleId, articleTitleRef, publishedOn, articleContentRef, newspaperId) values (72, '402858e7-5ed8-4db9-8da3-83680720aa30', '2020-03-02 09:56:21', 'e60bb409-31fc-4d33-8182-138a88ad37eb', 3);
insert into Article (articleId, articleTitleRef, publishedOn, articleContentRef, newspaperId) values (73, '048b5cc2-e5e9-4fe3-9c45-e4cec9c63c78', '2019-09-25 01:36:18', '88328edc-11ac-4852-8b3e-9a8b93be7059', 20);
insert into Article (articleId, articleTitleRef, publishedOn, articleContentRef, newspaperId) values (74, '08d99641-0a0e-46a0-bef2-2e3982b3cb90', '2019-07-22 22:14:25', 'fc24390e-9c38-4958-81a1-92410aa3ea03', 1);
insert into Article (articleId, articleTitleRef, publishedOn, articleContentRef, newspaperId) values (75, 'dc411ea5-c4e0-4fa7-b596-0a1081c0c121', '2020-03-21 23:21:30', 'dadd1807-05dd-467d-9561-8e4c64b81eaf', 14);
insert into Article (articleId, articleTitleRef, publishedOn, articleContentRef, newspaperId) values (76, '0d7e8b5a-1d4d-4ff2-bb47-4e1acb175b4d', '2019-06-26 05:21:52', 'f4c558be-9bf1-4335-be68-9681186fd3dd', 12);
insert into Article (articleId, articleTitleRef, publishedOn, articleContentRef, newspaperId) values (77, '77cf39f3-bd6a-48bf-9284-4e8bd7f18ac0', '2019-10-20 06:37:24', '7aabb467-e0c7-43f1-a393-0b5b5ec690d9', 3);
insert into Article (articleId, articleTitleRef, publishedOn, articleContentRef, newspaperId) values (78, '8f31de77-d0ae-4126-b29a-0eac96841bf2', '2019-11-10 01:22:37', '50e856b5-1d47-47a1-83ad-6a567a062a96', 2);
insert into Article (articleId, articleTitleRef, publishedOn, articleContentRef, newspaperId) values (79, 'bc051953-1cd3-4f44-ad21-47c3042330fe', '2019-09-28 08:49:52', 'a1521c59-1167-4276-a913-e6f7a1dfffe1', 8);
insert into Article (articleId, articleTitleRef, publishedOn, articleContentRef, newspaperId) values (80, '5f0e38f6-e658-454b-abc8-545b78134dc6', '2019-10-29 00:27:09', '1e58602d-97c2-497f-8bd2-58f1cf16da35', 11);
insert into Article (articleId, articleTitleRef, publishedOn, articleContentRef, newspaperId) values (81, 'b6049a21-ef1c-4df0-877f-3d9d060b14d3', '2020-01-21 23:00:39', 'f0c9bb3b-bb8c-427d-a56a-185066649163', 13);
insert into Article (articleId, articleTitleRef, publishedOn, articleContentRef, newspaperId) values (82, 'c59b77a8-223a-4e95-a282-794ac6a4590e', '2019-06-17 08:23:55', 'ebba273b-1222-466d-b12b-bdd85c2982e8', 9);
insert into Article (articleId, articleTitleRef, publishedOn, articleContentRef, newspaperId) values (83, 'd70d3ecd-55c3-4922-9f5e-6c6c88b6c9c1', '2019-09-29 04:23:19', '4a254701-4269-407c-a212-5313727e6245', 1);
insert into Article (articleId, articleTitleRef, publishedOn, articleContentRef, newspaperId) values (84, '67dee5e4-7f47-4838-9fb4-16f7e209faca', '2020-05-13 04:22:10', 'a3349cd3-84b9-46e8-bf89-2b6abbab344e', 3);
insert into Article (articleId, articleTitleRef, publishedOn, articleContentRef, newspaperId) values (85, '58f36195-01a0-4e56-8653-70a38c13d2d4', '2020-01-07 16:54:21', '0d1c2c9c-4acd-4385-9dda-ebff54002522', 20);
insert into Article (articleId, articleTitleRef, publishedOn, articleContentRef, newspaperId) values (86, '35175757-b071-4b18-9f64-3bcdca5cbe87', '2019-08-20 07:13:13', '6703f335-d847-41a7-b256-91378ca8d174', 19);
insert into Article (articleId, articleTitleRef, publishedOn, articleContentRef, newspaperId) values (87, '147ee6fa-8e9c-4857-8ce4-0cfa131fed06', '2019-12-07 00:32:36', '9a2d5374-5279-4d65-a85a-e9ceb00f90e4', 10);
insert into Article (articleId, articleTitleRef, publishedOn, articleContentRef, newspaperId) values (88, '5bbf836c-c1a0-40f6-b659-101a86cf2cad', '2019-06-24 22:09:32', '51bdedd5-12b9-4990-81c8-2abaca94c91e', 8);
insert into Article (articleId, articleTitleRef, publishedOn, articleContentRef, newspaperId) values (89, '6a67f183-6742-4465-a102-6f62723bf269', '2019-10-28 11:47:45', 'a1780929-8c1e-450a-894e-c7ad61382fa4', 2);
insert into Article (articleId, articleTitleRef, publishedOn, articleContentRef, newspaperId) values (90, '1fa89953-de7b-477d-b435-d820a91ca782', '2019-11-05 20:15:53', '7f01bf04-c287-41f7-837f-cda09e362bb8', 1);
insert into Article (articleId, articleTitleRef, publishedOn, articleContentRef, newspaperId) values (91, 'bc45b1f7-a522-4d90-88bc-70cd6a430194', '2020-03-14 07:52:14', '6ea756b2-0ab3-4262-b9c5-31d9529f605d', 10);
insert into Article (articleId, articleTitleRef, publishedOn, articleContentRef, newspaperId) values (92, '96d69db2-f360-406a-9db8-ddb904bf470e', '2019-11-04 02:04:23', '9d9422b1-8031-4a21-a958-85628dca9bbd', 18);
insert into Article (articleId, articleTitleRef, publishedOn, articleContentRef, newspaperId) values (93, '9ed80d75-d0ab-49a7-8650-a7c677c1d8a5', '2019-10-16 14:33:58', '09b54608-a4f6-4c21-81c2-407cc8543edc', 10);
insert into Article (articleId, articleTitleRef, publishedOn, articleContentRef, newspaperId) values (94, 'cca32ff9-e9e8-4041-a40c-afb8c8d3c595', '2020-03-31 16:58:19', 'ce253cd2-216b-4a08-ac7d-24fc419e2f8b', 10);
insert into Article (articleId, articleTitleRef, publishedOn, articleContentRef, newspaperId) values (95, '9b1b7c4d-1c80-4649-93d2-cd1429c376d8', '2020-01-14 18:26:02', 'bd887ed0-cb8f-4e2b-86f6-449e1860b9f7', 7);
insert into Article (articleId, articleTitleRef, publishedOn, articleContentRef, newspaperId) values (96, 'b771c050-0810-489b-a80f-5427e47389ba', '2019-11-29 15:03:53', 'aee67db2-aae5-4b4e-a678-8ad3c36ef3c4', 2);
insert into Article (articleId, articleTitleRef, publishedOn, articleContentRef, newspaperId) values (97, 'cee4b2e9-d92b-417f-93e2-0ad63b6d1fad', '2019-07-05 11:55:05', 'ba5d19a9-0e50-4840-b85a-1dd6ad983ca8', 14);
insert into Article (articleId, articleTitleRef, publishedOn, articleContentRef, newspaperId) values (98, 'c70a088c-88bb-49fb-b490-e10fc5eee7aa', '2020-03-02 05:29:54', '0f533fa1-a496-4a36-b6cf-bdf0124bdbc6', 10);
insert into Article (articleId, articleTitleRef, publishedOn, articleContentRef, newspaperId) values (99, '1a4996d5-84ca-43a3-a637-a7c909f33c50', '2019-10-03 20:23:13', '32712dbe-6c59-4cdd-8cc5-ae7b51d48d27', 15);
insert into Article (articleId, articleTitleRef, publishedOn, articleContentRef, newspaperId) values (100, '5d49da31-aad8-42ed-a0f5-0b09a5e9661d', '2020-01-23 20:39:15', '8469494b-0cb1-4280-b346-880f31d920fd', 7);
insert into Article (articleId, articleTitleRef, publishedOn, articleContentRef, newspaperId) values (101, 'd9e38bd4-a6b0-4b04-a49b-20d50edbcb47', '2019-11-04 16:46:05', 'cc0cac80-4b33-4318-88af-f2a733f4a7b7', 12);
insert into Article (articleId, articleTitleRef, publishedOn, articleContentRef, newspaperId) values (102, '415dadf9-355a-4831-a4d5-ff9f6980cb01', '2019-12-22 17:38:27', '4d6b2c2c-4828-41dc-a9c0-4b5c602bbe6e', 7);
insert into Article (articleId, articleTitleRef, publishedOn, articleContentRef, newspaperId) values (103, 'c1426348-55c1-4557-ae49-aad3aa30d4a9', '2020-01-01 08:10:01', '9cd20e76-bcf9-4153-9027-488b7bd451ee', 17);
insert into Article (articleId, articleTitleRef, publishedOn, articleContentRef, newspaperId) values (104, 'ffc3711d-e9c1-4fc5-bed7-05931bbd1003', '2019-12-03 00:26:39', '90b55f15-a834-47d1-b609-f768d89d0532', 3);
insert into Article (articleId, articleTitleRef, publishedOn, articleContentRef, newspaperId) values (105, 'c0f7ea6e-aef9-4320-a832-2ba00272e59d', '2019-12-04 11:15:30', '74b9dd65-b6ae-4903-80d7-3c626fa54dfe', 7);
insert into Article (articleId, articleTitleRef, publishedOn, articleContentRef, newspaperId) values (106, '7794aed2-7148-43bb-88e2-c8b2111eab06', '2019-07-31 06:47:38', '84530a49-561f-450d-a151-0571ec7bf6f0', 13);
insert into Article (articleId, articleTitleRef, publishedOn, articleContentRef, newspaperId) values (107, '2de36b4d-27e3-43fa-863a-bc4013cf913f', '2020-03-07 00:16:27', '7fff635e-f117-4fb4-bc7c-e6765f6a4d3f', 15);
insert into Article (articleId, articleTitleRef, publishedOn, articleContentRef, newspaperId) values (108, 'fd12e4f4-3748-4951-b251-63811f0c4692', '2019-07-05 16:07:41', '43b6e172-4124-4a45-aefb-a50e3bcc3ff2', 6);
insert into Article (articleId, articleTitleRef, publishedOn, articleContentRef, newspaperId) values (109, 'd2f36611-b202-464d-a62d-284270014472', '2019-12-24 22:17:31', '28bad06e-4705-44e4-8e70-dfa260b742e0', 13);
insert into Article (articleId, articleTitleRef, publishedOn, articleContentRef, newspaperId) values (110, '79031288-3e29-4b29-a6f5-27fccfbb6e2f', '2019-11-22 20:34:08', '7cc9a39b-245f-48bf-a803-0ffa708e3bb6', 20);
insert into Article (articleId, articleTitleRef, publishedOn, articleContentRef, newspaperId) values (111, '6521fd4c-47d1-4db1-858a-4f42024ed585', '2019-11-15 23:23:40', '5bf88498-6f09-482d-9d84-ba921d27c512', 1);
insert into Article (articleId, articleTitleRef, publishedOn, articleContentRef, newspaperId) values (112, '84fa28f4-ae4c-4b2c-b44f-8f474bd18acf', '2019-07-26 13:22:25', '70444bc0-653d-4a28-81c9-0fc2a6c3a551', 17);
insert into Article (articleId, articleTitleRef, publishedOn, articleContentRef, newspaperId) values (113, 'c5706c35-4c51-4f38-9503-52e6ef3d7dec', '2019-07-06 06:24:56', '59d40856-2faf-4a55-b7a7-506903a9766a', 17);
insert into Article (articleId, articleTitleRef, publishedOn, articleContentRef, newspaperId) values (114, '4c5c2dec-34ed-4a35-a541-38cd6f0cd765', '2019-06-20 17:57:23', '99fa66a4-7b70-487f-a144-2bfeeaaf0254', 17);
insert into Article (articleId, articleTitleRef, publishedOn, articleContentRef, newspaperId) values (115, 'b9e422dd-8700-499c-acd7-3e07c65767ba', '2020-03-18 16:31:34', 'c6337385-481a-4798-a3d5-b5304d943ec9', 1);
insert into Article (articleId, articleTitleRef, publishedOn, articleContentRef, newspaperId) values (116, '0c93819b-77d7-47e8-bc33-fd5ed4008d56', '2019-07-10 18:54:58', '7489001f-6386-4dec-bc0d-16dea4b0afe6', 6);
insert into Article (articleId, articleTitleRef, publishedOn, articleContentRef, newspaperId) values (117, 'b746730f-99cf-4678-8812-0b99e68e8913', '2020-04-20 15:51:58', '0f367792-5dd5-401a-89c3-39b8b79abcec', 9);
insert into Article (articleId, articleTitleRef, publishedOn, articleContentRef, newspaperId) values (118, '10a1197c-d88b-4583-9836-35c7583eb5ac', '2019-12-09 06:15:16', '219226f8-1794-412d-9f04-71bc57513263', 18);
insert into Article (articleId, articleTitleRef, publishedOn, articleContentRef, newspaperId) values (119, '430a2ee1-3241-4117-a91d-6cdaa81a2188', '2020-04-12 07:50:45', '61a14d9c-349e-48e3-b173-dd70eeb14b18', 4);
insert into Article (articleId, articleTitleRef, publishedOn, articleContentRef, newspaperId) values (120, '3192444b-9342-43da-854e-90e5d5fd59b2', '2019-06-18 10:18:44', 'd437e7d7-0f80-456b-bd99-ac5414cd7817', 1);
insert into Article (articleId, articleTitleRef, publishedOn, articleContentRef, newspaperId) values (121, '4108c29a-b297-4828-8f68-88c313386425', '2020-01-16 05:55:39', 'c21c0704-5beb-4f62-b6b4-390d3c8c97b2', 19);
insert into Article (articleId, articleTitleRef, publishedOn, articleContentRef, newspaperId) values (122, 'a1d3ffff-4180-4d5c-ba47-1830a222df53', '2019-10-23 19:55:12', '40049398-47f5-48a3-b113-4ba6f9cc9960', 3);
insert into Article (articleId, articleTitleRef, publishedOn, articleContentRef, newspaperId) values (123, 'e37f6b11-9005-47ae-a9f7-a0fabb5fa8ec', '2020-01-25 21:04:03', '92b65eb3-59ec-43dd-b01d-9a21cdc56ed9', 1);
insert into Article (articleId, articleTitleRef, publishedOn, articleContentRef, newspaperId) values (124, '5fcab00f-5ebd-437a-bfa1-13a16db09dee', '2020-03-09 11:50:46', '110a9479-9d02-4a64-b1ee-e015aa9379ae', 8);
insert into Article (articleId, articleTitleRef, publishedOn, articleContentRef, newspaperId) values (125, 'eafb6871-2492-4dd1-bcff-5ca9615249c9', '2019-09-13 22:29:14', 'b135c1fb-6dde-44ed-ad28-5d6f845d8eeb', 1);
insert into Article (articleId, articleTitleRef, publishedOn, articleContentRef, newspaperId) values (126, '04c89ced-e14c-42e9-8bb0-c4429a45d94e', '2020-03-02 09:37:34', '9ee8f759-b6b7-4c9e-a78f-37916dd4a383', 2);
insert into Article (articleId, articleTitleRef, publishedOn, articleContentRef, newspaperId) values (127, '437d49f4-e47f-4d42-8555-9243092bdb17', '2020-01-28 08:30:18', '518e24f6-15bc-430b-bc54-9e495039af95', 18);
insert into Article (articleId, articleTitleRef, publishedOn, articleContentRef, newspaperId) values (128, 'ca972b59-a317-4ff5-9c32-c958eae95711', '2020-04-14 21:28:12', 'dfd1be11-108a-490b-a694-a779b26e18da', 10);
insert into Article (articleId, articleTitleRef, publishedOn, articleContentRef, newspaperId) values (129, '17d99975-528b-41ac-85eb-81610f296865', '2020-04-02 20:28:27', 'aad1e67c-8ee5-44bf-b3f1-00bdf9f30269', 15);
insert into Article (articleId, articleTitleRef, publishedOn, articleContentRef, newspaperId) values (130, '7a2ca100-6e18-48bf-83ec-5cfe14b3fbb3', '2019-09-11 17:36:38', '12d5c34a-6ee4-40c4-802d-f9129e633c4c', 2);
insert into Article (articleId, articleTitleRef, publishedOn, articleContentRef, newspaperId) values (131, '94ed1b47-5c66-4224-9816-4e7ccdb24ba4', '2019-11-03 22:33:30', '644acf79-540e-4cc2-bd64-664a952fa190', 18);
insert into Article (articleId, articleTitleRef, publishedOn, articleContentRef, newspaperId) values (132, '3539cfe5-2a17-4f56-a132-d7730110d026', '2019-06-06 11:43:23', 'a29b415d-8618-46c7-95f9-5f6527f0f321', 17);
insert into Article (articleId, articleTitleRef, publishedOn, articleContentRef, newspaperId) values (133, 'f558a439-2615-476f-8848-a0538d188ac1', '2019-07-28 08:12:30', '96ba77cf-6f64-496d-9482-9d22c3780d4d', 11);
insert into Article (articleId, articleTitleRef, publishedOn, articleContentRef, newspaperId) values (134, 'bda9c7b3-424b-4146-a7d4-505355b04a0e', '2020-04-24 12:06:41', 'b2108d37-6a71-4c63-aa45-96ded3c5f26f', 6);
insert into Article (articleId, articleTitleRef, publishedOn, articleContentRef, newspaperId) values (135, 'ff9bde02-43c0-40f7-bf63-0e184c11791b', '2019-08-11 04:02:46', '510b62a5-1d30-43b5-8b07-46fb4f428bb0', 1);
insert into Article (articleId, articleTitleRef, publishedOn, articleContentRef, newspaperId) values (136, '605473f3-4952-40de-9abf-0e7de21cc5d7', '2020-01-22 21:44:28', '1d8c9997-82c6-4a2d-a5a8-8755497ea225', 6);
insert into Article (articleId, articleTitleRef, publishedOn, articleContentRef, newspaperId) values (137, '45d6dd70-d879-4eba-96d4-a622cd48ff9f', '2020-04-07 07:04:10', '8a1bb16e-68f4-40f1-bc74-de3954f58e7c', 20);
insert into Article (articleId, articleTitleRef, publishedOn, articleContentRef, newspaperId) values (138, '5b6e8285-dc10-480d-930b-2e34db0d3dc2', '2020-01-17 05:12:45', '9e9a1141-2703-42fc-8372-b03733685acf', 9);
insert into Article (articleId, articleTitleRef, publishedOn, articleContentRef, newspaperId) values (139, 'b3122a6a-2612-4eee-bf7c-8dab4587d5e0', '2020-01-18 07:26:05', '41dd4199-43a5-4f82-a731-68eb51291808', 12);
insert into Article (articleId, articleTitleRef, publishedOn, articleContentRef, newspaperId) values (140, '48c72144-bf78-4408-b2c9-194b9d07f9d7', '2020-04-05 12:52:44', '78d943c6-f8ec-4923-9dfc-13f0b440bae3', 6);
insert into Article (articleId, articleTitleRef, publishedOn, articleContentRef, newspaperId) values (141, '7e9c101d-a730-474c-8ba5-f406dfe56ff8', '2019-06-23 15:37:47', 'c18f06ea-29bc-4104-a289-00099b4d4229', 6);
insert into Article (articleId, articleTitleRef, publishedOn, articleContentRef, newspaperId) values (142, '8f98e686-b994-40a6-b7c2-3a9f1e538021', '2020-05-26 05:18:51', 'd5b5479c-a9f4-47d1-8715-bb76c0dfb876', 12);
insert into Article (articleId, articleTitleRef, publishedOn, articleContentRef, newspaperId) values (143, '27ad1f4a-5ed4-4886-9403-15a6e2d0c6c9', '2019-09-14 21:25:45', 'cad9cd6a-dee9-4565-a7a3-261992a42b99', 17);
insert into Article (articleId, articleTitleRef, publishedOn, articleContentRef, newspaperId) values (144, 'd6931979-1238-4b99-858d-56b9b73aa416', '2019-08-07 20:36:40', '1b70b9af-5327-48d5-a36b-d84375e773fc', 18);
insert into Article (articleId, articleTitleRef, publishedOn, articleContentRef, newspaperId) values (145, 'b032798e-cd43-454f-8b66-88c0723b1c42', '2019-09-27 09:12:13', '513ccd13-328d-4b84-beaf-b0ba86fe2dc2', 12);
insert into Article (articleId, articleTitleRef, publishedOn, articleContentRef, newspaperId) values (146, '39215623-71f7-4a83-b3ad-79db9ff146bb', '2019-11-04 20:29:08', '2faba0c4-86de-4a79-843a-2e03e0e2c41e', 15);
insert into Article (articleId, articleTitleRef, publishedOn, articleContentRef, newspaperId) values (147, 'a8fae618-01be-47e1-8588-b321c9d23688', '2019-11-13 20:37:54', '8bf2b1a7-defb-432d-9177-ade3a6ba9a97', 1);
insert into Article (articleId, articleTitleRef, publishedOn, articleContentRef, newspaperId) values (148, 'cc16a8d0-a52f-412c-962f-c1e45b626722', '2020-01-30 16:33:41', 'daa4d173-2c7d-4e25-b965-ea3a3cd44b12', 15);
insert into Article (articleId, articleTitleRef, publishedOn, articleContentRef, newspaperId) values (149, '7f926baf-e10e-463d-9a0c-c57a03118c9b', '2019-12-10 23:21:51', '90236ee6-5b97-4d9c-924b-90108a634c8e', 1);
insert into Article (articleId, articleTitleRef, publishedOn, articleContentRef, newspaperId) values (150, '6548e4b0-d757-4a6d-bb66-34149c2fa390', '2020-05-16 08:26:05', '4f390875-75b5-4f9c-857e-5f80716917d3', 16);
insert into Article (articleId, articleTitleRef, publishedOn, articleContentRef, newspaperId) values (151, '70e4cf9a-f13c-4f70-880b-2c8bed288780', '2020-02-07 09:14:06', '2cc98f2b-6eb6-4b1d-ae39-1247b021ac9a', 1);
insert into Article (articleId, articleTitleRef, publishedOn, articleContentRef, newspaperId) values (152, 'c2c9c9b6-75e4-4cb2-b447-9371c3fb9796', '2020-01-07 03:00:07', '8f8b8b1f-c1b5-448c-9277-1a51c0e50c6f', 17);
insert into Article (articleId, articleTitleRef, publishedOn, articleContentRef, newspaperId) values (153, '7e2f3df0-782c-4bf0-a922-41c2336bcfb4', '2019-10-24 07:46:29', '2e7eea92-3ab8-413a-9b98-513748a0c8cd', 15);
insert into Article (articleId, articleTitleRef, publishedOn, articleContentRef, newspaperId) values (154, 'a4c0a86c-139f-484f-8225-d722f4cc6a6c', '2019-11-02 12:06:47', 'efeb838b-fc21-462f-8e85-e817e23fe462', 17);
insert into Article (articleId, articleTitleRef, publishedOn, articleContentRef, newspaperId) values (155, '09abe9c2-91b3-45b9-a682-8902e8ecb2d7', '2019-07-19 19:43:26', '15c1e2b2-db49-40fc-96f4-0421b1756bf9', 9);
insert into Article (articleId, articleTitleRef, publishedOn, articleContentRef, newspaperId) values (156, 'b0c3ed13-9135-49d5-881c-b6052f8d758c', '2020-05-22 21:44:56', 'f700bc89-c907-45ca-80ed-30cd8cd1167e', 4);
insert into Article (articleId, articleTitleRef, publishedOn, articleContentRef, newspaperId) values (157, '215d2b76-b48f-4ab5-a344-768a81c6404f', '2019-09-27 09:27:21', '6673b860-7bdf-4449-81b5-9b794def3b5a', 16);
insert into Article (articleId, articleTitleRef, publishedOn, articleContentRef, newspaperId) values (158, '9fa57f62-8b3a-4e08-8a50-b04ea29e0bf6', '2019-10-07 21:02:59', '8f1b4835-efc8-4b9d-933d-de54b64471d4', 5);
insert into Article (articleId, articleTitleRef, publishedOn, articleContentRef, newspaperId) values (159, '04c0d7f7-3d26-4d93-845b-0804a1fd66c5', '2020-02-05 10:20:52', 'f3748b4a-07cb-4fa6-bb67-824fa462ecc5', 9);
insert into Article (articleId, articleTitleRef, publishedOn, articleContentRef, newspaperId) values (160, '07e738c3-911f-4da6-877a-14166b83bb2e', '2019-12-23 20:30:39', 'ff2f631d-9663-465d-905a-a63d69f02c1d', 13);
insert into Article (articleId, articleTitleRef, publishedOn, articleContentRef, newspaperId) values (161, '8d6e0385-d470-450e-88a4-eb1a9e3427ff', '2019-12-27 20:24:58', '1813e6fc-6c99-43f9-ac90-81dccc1df22a', 3);
insert into Article (articleId, articleTitleRef, publishedOn, articleContentRef, newspaperId) values (162, '517ecc9f-04f6-4096-b691-861e830eb54c', '2020-05-21 20:51:06', 'df5d9dc1-06dd-46e2-9942-819b1ef4d046', 1);
insert into Article (articleId, articleTitleRef, publishedOn, articleContentRef, newspaperId) values (163, '133a01f4-5e49-43b8-acfa-24e2a8b016c1', '2020-01-20 18:07:13', 'de22f83f-5187-4002-b90f-d2a6f1157eb4', 18);
insert into Article (articleId, articleTitleRef, publishedOn, articleContentRef, newspaperId) values (164, '53e81618-421a-4cbb-b34f-30f20873bddd', '2019-06-22 14:57:35', '13ded0bb-1ece-4043-af25-3a20a2e0069a', 1);
insert into Article (articleId, articleTitleRef, publishedOn, articleContentRef, newspaperId) values (165, '604df013-3685-43de-97ae-e870a2a85b76', '2019-07-15 02:29:16', '7e39d862-d498-4cd6-ab19-bdb49432fcb8', 10);
insert into Article (articleId, articleTitleRef, publishedOn, articleContentRef, newspaperId) values (166, '17592063-7073-4f75-87b0-11b063482008', '2020-04-15 14:01:19', '7edf173a-0700-4cf5-9407-a202f16fd259', 6);
insert into Article (articleId, articleTitleRef, publishedOn, articleContentRef, newspaperId) values (167, '5cbebe7e-3d6d-4eba-bde5-56b1d5bc4d6c', '2019-08-21 02:46:24', 'f71b32a9-8e92-4b1d-8bd4-52862086a3ee', 11);
insert into Article (articleId, articleTitleRef, publishedOn, articleContentRef, newspaperId) values (168, '97e1fb72-9abe-4cab-9a27-23085de7257d', '2020-04-08 21:23:26', '3c9e785f-e7dd-4926-b00a-b686b37e5dfd', 1);
insert into Article (articleId, articleTitleRef, publishedOn, articleContentRef, newspaperId) values (169, 'c5e9a0a3-cce8-4a8b-acd9-4465f42db9af', '2019-07-22 11:32:22', 'c4d3edf4-f1a6-410f-aa46-a6925ffc8401', 9);
insert into Article (articleId, articleTitleRef, publishedOn, articleContentRef, newspaperId) values (170, 'dc662343-e87f-4a82-95bc-d91739a5f08d', '2020-03-18 07:21:56', '2def8e7e-1c15-4d0d-aa6e-87c168ef0182', 5);
insert into Article (articleId, articleTitleRef, publishedOn, articleContentRef, newspaperId) values (171, '65856366-4ec3-4de5-b074-c5e3d88e985c', '2019-09-29 18:52:15', '1618ebd7-6338-4020-8c9f-1e225f681cb0', 13);
insert into Article (articleId, articleTitleRef, publishedOn, articleContentRef, newspaperId) values (172, 'bf60c1a4-ab48-4776-9c95-9708ec1fa3be', '2019-12-14 11:53:55', '7ac9eb50-b892-4a37-8523-ab3b652c17d6', 10);
insert into Article (articleId, articleTitleRef, publishedOn, articleContentRef, newspaperId) values (173, 'e6c4e5a0-3f7c-4f51-9c80-b4b0f2618b29', '2019-12-24 23:20:25', 'aaaddd46-d364-4c27-95fb-286d933d7b29', 11);
insert into Article (articleId, articleTitleRef, publishedOn, articleContentRef, newspaperId) values (174, 'a9969d79-6125-48fb-b8a9-b6d8f6deaf70', '2019-11-08 17:37:30', '06380264-856e-43a9-a8d9-26498175e333', 7);
insert into Article (articleId, articleTitleRef, publishedOn, articleContentRef, newspaperId) values (175, 'be077a2f-241d-4faf-8e0a-db07a8f5f19f', '2020-04-04 06:38:40', '3dc2d927-1923-4b29-940e-bc32bed88d75', 3);
insert into Article (articleId, articleTitleRef, publishedOn, articleContentRef, newspaperId) values (176, '7dfed64f-92be-4958-9b29-06c4e8375141', '2019-09-03 04:28:17', 'e24ee7c2-39bc-474b-bb7d-52265d2f0320', 8);
insert into Article (articleId, articleTitleRef, publishedOn, articleContentRef, newspaperId) values (177, '7ef475d5-a8a7-455a-a389-a6bf145aa211', '2020-03-07 15:30:12', '307c48ee-7701-4420-984f-e7ef9a81015c', 13);
insert into Article (articleId, articleTitleRef, publishedOn, articleContentRef, newspaperId) values (178, 'd81fbefa-3c6f-4c87-81a2-c7ddae119b88', '2019-10-17 02:34:41', '4c232bef-d4b4-45b9-b5d9-d95086403a64', 1);
insert into Article (articleId, articleTitleRef, publishedOn, articleContentRef, newspaperId) values (179, '545d971f-ea80-4445-9453-f17cdafedb30', '2019-06-20 06:56:13', 'e14f6e82-ca85-43d6-9e7d-bdcb81c4971b', 3);
insert into Article (articleId, articleTitleRef, publishedOn, articleContentRef, newspaperId) values (180, '35e07fb3-20b3-4f3e-a1d3-b134b1d96470', '2019-07-15 09:38:29', '58ac637a-5606-4332-b674-bb508c567ae8', 18);
insert into Article (articleId, articleTitleRef, publishedOn, articleContentRef, newspaperId) values (181, '141b8d1d-5f55-475e-818b-a06d67df3d20', '2020-05-07 17:31:39', 'd17a1960-1d83-4d7f-b705-585f2556b9c3', 10);
insert into Article (articleId, articleTitleRef, publishedOn, articleContentRef, newspaperId) values (182, '726c8136-09ff-41a0-bc86-659c9928d939', '2019-12-13 22:42:44', '4654dfad-7e96-41f4-9bb2-6a47af5839a7', 5);
insert into Article (articleId, articleTitleRef, publishedOn, articleContentRef, newspaperId) values (183, '63e274a5-b524-4bd8-9776-15173fb5f717', '2019-06-20 14:08:25', 'b19b333f-fc25-4f3f-9196-b32b6cd59a26', 19);
insert into Article (articleId, articleTitleRef, publishedOn, articleContentRef, newspaperId) values (184, '2c7063c2-72aa-46de-8320-6ef0fe88b8fa', '2020-02-26 16:33:18', '18c7758d-865a-471a-92af-8d304e218e42', 20);
insert into Article (articleId, articleTitleRef, publishedOn, articleContentRef, newspaperId) values (185, '101fdac6-e287-4633-ac5f-3d309c053f8b', '2019-10-25 05:56:33', 'aeedc865-a244-4b7f-aa74-be749d77336a', 3);
insert into Article (articleId, articleTitleRef, publishedOn, articleContentRef, newspaperId) values (186, '8fc7771c-a2c3-4e28-b6ff-6b9a887bf265', '2019-08-21 23:42:45', 'c94c5f1d-7a71-406b-8b63-b976bb2e01be', 16);
insert into Article (articleId, articleTitleRef, publishedOn, articleContentRef, newspaperId) values (187, '9f54c044-ad64-4fdd-a96d-151329d85ef9', '2020-04-22 05:26:39', '72939a51-fd34-4e18-8b84-3e4e75a18363', 7);
insert into Article (articleId, articleTitleRef, publishedOn, articleContentRef, newspaperId) values (188, '47dd3539-9256-46a2-9093-257569a612bc', '2019-10-07 00:32:54', '0b968f9c-08f4-4e40-9ace-43fae7aee990', 8);
insert into Article (articleId, articleTitleRef, publishedOn, articleContentRef, newspaperId) values (189, '81f93f8a-a483-4b41-ad18-369142d78fe0', '2019-08-09 13:48:24', '4afecc5f-2ab1-4bda-8390-9199e9a98e92', 1);
insert into Article (articleId, articleTitleRef, publishedOn, articleContentRef, newspaperId) values (190, 'ff1ac8d8-b706-48af-ab8a-7ff0da48caf9', '2019-07-13 13:52:55', '62f84cb7-eb13-49e5-8229-d235a2b3a225', 6);
insert into Article (articleId, articleTitleRef, publishedOn, articleContentRef, newspaperId) values (191, '0f7bc849-6eb2-45ac-8372-f6abb1812227', '2019-07-26 21:06:12', '5886fcfc-adc6-409c-b1c0-3afdd38f4c55', 7);
insert into Article (articleId, articleTitleRef, publishedOn, articleContentRef, newspaperId) values (192, '16dedfe4-697d-449e-8206-836808278c8d', '2020-05-30 01:48:16', 'ad8c14e9-e823-408e-8689-1bda65f1c519', 1);
insert into Article (articleId, articleTitleRef, publishedOn, articleContentRef, newspaperId) values (193, 'ee2c0f4f-fd89-43ab-8d70-0a66785eedf1', '2020-02-27 20:11:53', '51e43821-c766-4184-b052-c404470c33b1', 9);
insert into Article (articleId, articleTitleRef, publishedOn, articleContentRef, newspaperId) values (194, '29ca39db-090d-44e8-a83e-47a014d84a21', '2020-05-02 03:27:08', '711b9132-db27-49fc-a3f6-eccfea04258b', 19);
insert into Article (articleId, articleTitleRef, publishedOn, articleContentRef, newspaperId) values (195, '4b603871-c25e-405c-a887-6ce5ebf5087f', '2020-03-24 13:35:14', '2a853618-b3db-4119-b829-5465b14ae7a3', 19);
insert into Article (articleId, articleTitleRef, publishedOn, articleContentRef, newspaperId) values (196, '8283c59e-a74e-4b9d-846a-178c735b4074', '2019-08-29 03:10:56', '8f97c2fd-bc23-4b89-894f-c35c8d3cd8af', 12);
insert into Article (articleId, articleTitleRef, publishedOn, articleContentRef, newspaperId) values (197, '69d0c98a-9156-4560-b024-78d528d51d96', '2020-01-09 10:58:54', '48a07dce-1387-4275-8df0-64ca6edcc2a7', 12);
insert into Article (articleId, articleTitleRef, publishedOn, articleContentRef, newspaperId) values (198, '590df171-78db-412a-94b2-900587d85c70', '2019-12-16 22:55:33', 'c6a29de1-7f1b-4857-ae0a-7a84fdb6739c', 13);
insert into Article (articleId, articleTitleRef, publishedOn, articleContentRef, newspaperId) values (199, 'eb7e116f-15fc-4a45-847d-ff088a35349a', '2020-05-26 00:36:12', 'e9cb2f57-e884-449c-80d0-4b321e1a208b', 8);
insert into Article (articleId, articleTitleRef, publishedOn, articleContentRef, newspaperId) values (200, '7c1f935d-4d04-4aba-a90a-95d37c40476a', '2019-08-03 17:44:06', '7125a40e-643c-4969-b56b-64d4576972b0', 12);
insert into Article (articleId, articleTitleRef, publishedOn, articleContentRef, newspaperId) values (201, 'f67853c9-8fbc-49e3-a7ee-7f9b5a806a01', '2019-10-11 05:06:09', '5093802f-8ad2-4bd3-97ed-a696db9bbcda', 1);
insert into Article (articleId, articleTitleRef, publishedOn, articleContentRef, newspaperId) values (202, '5043a36e-dd2a-44d6-a5a3-7681a0b4ef59', '2019-08-31 01:35:02', 'e0b8c8d3-a9eb-4e8a-8765-de4b353f87e5', 9);
insert into Article (articleId, articleTitleRef, publishedOn, articleContentRef, newspaperId) values (203, 'c472cf77-f30e-440d-b058-88d157518846', '2020-03-16 17:49:20', '48a5b3ec-c959-4a43-bd11-c4ae20dcc2dc', 5);
insert into Article (articleId, articleTitleRef, publishedOn, articleContentRef, newspaperId) values (204, '7f5d1c80-0c32-45c1-b421-4ae63b685560', '2019-12-12 17:01:33', 'f98939ab-11f4-4318-a016-9a313e155bfa', 1);
insert into Article (articleId, articleTitleRef, publishedOn, articleContentRef, newspaperId) values (205, '671f9535-9e96-4239-8497-f98e1035f5b1', '2020-02-23 11:59:18', '5716f83c-aa0c-4002-978a-741c8baad503', 18);
insert into Article (articleId, articleTitleRef, publishedOn, articleContentRef, newspaperId) values (206, '801236c1-b041-4af4-ac89-3e03d6222db9', '2019-09-04 06:52:07', '496b39e5-d2fd-46c7-9f40-a6c79dc126f4', 13);
insert into Article (articleId, articleTitleRef, publishedOn, articleContentRef, newspaperId) values (207, 'fcf7e98b-222b-4e4e-bb61-f46f8c2abd31', '2019-06-22 10:14:34', 'da90e878-386e-43f1-be32-145875346000', 8);
insert into Article (articleId, articleTitleRef, publishedOn, articleContentRef, newspaperId) values (208, 'c03f39b4-2709-4901-8dbb-7caf87a16a97', '2019-07-20 00:14:44', '8ab64f7a-ad1a-4648-8b83-d26b62bcf9c2', 19);
insert into Article (articleId, articleTitleRef, publishedOn, articleContentRef, newspaperId) values (209, '80bec6ef-8597-4bc1-80df-9fbb85379141', '2019-06-01 22:03:12', '8e24c664-acdf-45cd-a84a-c1542754bc2a', 12);
insert into Article (articleId, articleTitleRef, publishedOn, articleContentRef, newspaperId) values (210, 'ebaefe16-a076-4e16-887d-787c67ebf036', '2019-07-25 03:50:43', '758c8868-b9a4-495a-b8e5-e1030c6e9479', 19);
insert into Article (articleId, articleTitleRef, publishedOn, articleContentRef, newspaperId) values (211, 'c4c91c6a-79d7-4112-bcea-5bf7861ebe75', '2019-09-26 15:32:36', '85ee4278-b2da-4022-807c-02d81c37eb2e', 17);
insert into Article (articleId, articleTitleRef, publishedOn, articleContentRef, newspaperId) values (212, 'dea1ea0d-4420-4fb9-9dbf-312c43a1ef44', '2019-06-09 09:35:41', '37424a51-afaf-4e2a-8c05-a4ee488cf186', 10);
insert into Article (articleId, articleTitleRef, publishedOn, articleContentRef, newspaperId) values (213, '2a56f917-91d4-4621-bdb5-36194c6da64e', '2019-07-30 13:56:23', '5cbaceb5-64cd-47ac-8e4b-0458e0bf4ff6', 10);
insert into Article (articleId, articleTitleRef, publishedOn, articleContentRef, newspaperId) values (214, 'e3976dc8-2769-41c0-a2ba-878305e5372e', '2019-12-21 07:19:24', '91d883fd-ed1b-4d83-925c-4097e8a13735', 2);
insert into Article (articleId, articleTitleRef, publishedOn, articleContentRef, newspaperId) values (215, '9d450e82-779f-4634-8469-394895ce5eab', '2019-09-12 19:50:26', 'af10c47f-fdf9-4fdc-9188-9d64cba1fbeb', 15);
insert into Article (articleId, articleTitleRef, publishedOn, articleContentRef, newspaperId) values (216, '55cbb7d9-53cb-435c-9bf4-934fd1d9be66', '2019-06-22 08:18:38', 'abb0da60-0dbe-4bd3-a521-26820c8eab90', 9);
insert into Article (articleId, articleTitleRef, publishedOn, articleContentRef, newspaperId) values (217, 'f5debc49-0270-4f0d-9c55-f214dc461256', '2019-09-09 23:21:14', '40c641ca-f678-4725-b47f-57b2507ad210', 20);
insert into Article (articleId, articleTitleRef, publishedOn, articleContentRef, newspaperId) values (218, 'c0c7bcbe-6f18-46ff-a5f2-fa58cdf4c2c1', '2020-03-26 23:34:38', 'f0125185-0a3f-4348-8f10-e14fac97ae0b', 5);
insert into Article (articleId, articleTitleRef, publishedOn, articleContentRef, newspaperId) values (219, '09159d00-4cda-4c02-99fc-2c631d996abf', '2020-03-31 15:09:45', '1a55fb68-b420-49e4-b63a-e5003a8f7f20', 12);
insert into Article (articleId, articleTitleRef, publishedOn, articleContentRef, newspaperId) values (220, '0b3a94ca-dca0-4534-a797-2ed669f562d5', '2019-10-03 21:01:49', '6099873d-1fc9-4f24-9d1e-ee065e31ed20', 20);
insert into Article (articleId, articleTitleRef, publishedOn, articleContentRef, newspaperId) values (221, '655db9b9-f96b-42fc-a2df-b1c3f9579bb6', '2020-05-04 09:43:25', '7d7bd820-fc98-47ce-81a2-29bbbaa219d9', 1);
insert into Article (articleId, articleTitleRef, publishedOn, articleContentRef, newspaperId) values (222, '1b7e1160-6316-46ba-96ff-f7d1401794ce', '2019-07-03 08:26:41', '0a17d88d-8f4b-4145-acf7-9db6a0fc8001', 12);
insert into Article (articleId, articleTitleRef, publishedOn, articleContentRef, newspaperId) values (223, 'ee23fc09-fae9-458d-90ee-bb43080a46b7', '2019-11-08 08:26:56', 'ba459f80-68d6-46f2-80d9-9f7f1a58a33e', 16);
insert into Article (articleId, articleTitleRef, publishedOn, articleContentRef, newspaperId) values (224, '45d6cece-d700-4b63-b28c-7d43192c0d55', '2020-04-07 17:58:45', '1a175ed6-d225-4893-97d0-4a69f67fc61a', 1);
insert into Article (articleId, articleTitleRef, publishedOn, articleContentRef, newspaperId) values (225, 'c8b2a4df-0e29-49cc-bf6a-38d9d3a2d2a3', '2019-11-21 23:27:34', '10ee3b7a-26ed-46eb-91ed-b1d1c6de30a0', 14);
insert into Article (articleId, articleTitleRef, publishedOn, articleContentRef, newspaperId) values (226, '1672a219-42a7-460b-a7b3-bced6c59a1bd', '2019-12-20 19:50:04', 'ed39262b-cf58-4a9a-9f31-9a3e9076613f', 15);
insert into Article (articleId, articleTitleRef, publishedOn, articleContentRef, newspaperId) values (227, '340af505-1c5f-4799-8aaf-488fc1a6c140', '2019-07-24 06:30:30', '1a7932f2-ceab-4902-b90f-ed884274f6d1', 4);
insert into Article (articleId, articleTitleRef, publishedOn, articleContentRef, newspaperId) values (228, 'a14e0371-1b3c-4142-bd59-c8e1768a0cf2', '2019-12-29 17:57:10', 'd84cacc1-d5ab-4dc6-87fa-2346f7d059dd', 6);
insert into Article (articleId, articleTitleRef, publishedOn, articleContentRef, newspaperId) values (229, 'f5c3ee0f-8767-48f4-b80c-bdea62e5b95f', '2019-09-27 07:52:33', 'ba06cd5d-1cfa-4cbd-bf01-c04501b48af1', 2);
insert into Article (articleId, articleTitleRef, publishedOn, articleContentRef, newspaperId) values (230, '490c8af9-1771-4929-bd75-4040f457c318', '2020-05-14 20:42:43', '6800e0b9-8556-4fba-907f-f93ef066801c', 6);
insert into Article (articleId, articleTitleRef, publishedOn, articleContentRef, newspaperId) values (231, '1b8c655c-9025-4d0e-8233-6f791aeb9b3d', '2019-06-16 13:17:30', '60ed7228-14eb-4b44-a850-3536e242ebeb', 15);
insert into Article (articleId, articleTitleRef, publishedOn, articleContentRef, newspaperId) values (232, '50b0230e-e2ed-4403-a07e-b142f2a4eb53', '2019-06-27 04:50:13', '22bc3bf3-1525-4402-85a0-ef4c65a08a24', 14);
insert into Article (articleId, articleTitleRef, publishedOn, articleContentRef, newspaperId) values (233, 'ac157914-662f-4ffc-a66c-1c198abb64dc', '2019-10-12 23:48:01', 'c430ecc2-75fe-4400-a90e-6f4e85b2c945', 9);
insert into Article (articleId, articleTitleRef, publishedOn, articleContentRef, newspaperId) values (234, 'd37b4907-2189-4c11-974b-e94d6d0861b4', '2019-08-29 22:01:39', 'f8556581-e6c3-4931-b76b-a22d0b474686', 2);
insert into Article (articleId, articleTitleRef, publishedOn, articleContentRef, newspaperId) values (235, 'b3825250-9c8c-472b-9597-4a7108c823c4', '2019-11-22 05:05:20', 'cb8b10b6-69a1-43d0-b18c-9490ba5176b9', 7);
insert into Article (articleId, articleTitleRef, publishedOn, articleContentRef, newspaperId) values (236, 'a79dabc9-7366-47e7-8c8b-b5485eaa7b04', '2019-11-07 16:34:32', '6e12d675-fa1d-4f99-9c50-c56ae0897db2', 18);
insert into Article (articleId, articleTitleRef, publishedOn, articleContentRef, newspaperId) values (237, 'e3553593-b2e4-4337-9725-22ea290df14f', '2019-10-06 19:51:15', '20826daa-5faf-4cbc-869a-7dbcfe4f324f', 20);
insert into Article (articleId, articleTitleRef, publishedOn, articleContentRef, newspaperId) values (238, '46c2b890-ed51-4a7b-926f-0d7bfcaaf949', '2019-11-23 03:58:11', 'd6689840-f70b-482b-81fe-cd9d0b0d3e56', 14);
insert into Article (articleId, articleTitleRef, publishedOn, articleContentRef, newspaperId) values (239, 'dc64bdca-84da-42f3-a1a1-2dc6723020ed', '2019-06-22 21:59:45', '588aa60e-3dd5-4044-85c0-78f37fbe0223', 19);
insert into Article (articleId, articleTitleRef, publishedOn, articleContentRef, newspaperId) values (240, '4c3b67b8-2676-485b-9ae2-c2897456bd45', '2019-09-08 12:05:12', '6d479c22-e584-4b39-8991-747f083b9b03', 18);
insert into Article (articleId, articleTitleRef, publishedOn, articleContentRef, newspaperId) values (241, 'cd7a1e2d-00f9-4a16-8730-b3adc0d10f27', '2019-11-25 01:21:06', 'c7ba23f4-217c-4762-87c4-cc6f32ae70f6', 20);
insert into Article (articleId, articleTitleRef, publishedOn, articleContentRef, newspaperId) values (242, '06ced0d1-ad0b-4b16-bd79-46a4420be79f', '2020-04-02 18:42:20', '8f8efebd-ff86-4af6-ac55-85d3fa4c9add', 4);
insert into Article (articleId, articleTitleRef, publishedOn, articleContentRef, newspaperId) values (243, '737f240b-d356-4371-ac80-7401482aaf59', '2019-12-20 12:12:16', '48a3bc27-727e-495c-be7f-5656e2d79f20', 17);
insert into Article (articleId, articleTitleRef, publishedOn, articleContentRef, newspaperId) values (244, '84ea90a7-bb5e-4399-993b-bf765f73fdd3', '2020-04-10 11:30:47', 'f40da810-2b3b-4fa8-adfe-1ef238499c9b', 13);
insert into Article (articleId, articleTitleRef, publishedOn, articleContentRef, newspaperId) values (245, '46f6e7f7-d365-4a6b-b7cf-f858f34797df', '2019-08-05 18:31:03', 'ca6169e1-e8de-4ab2-94e7-da9ff300ae9b', 9);
insert into Article (articleId, articleTitleRef, publishedOn, articleContentRef, newspaperId) values (246, '2ac4b278-3bad-4f43-a300-70e51e4755eb', '2019-11-20 14:03:53', 'a4fd77ad-968e-4ef6-817f-60705e4411a4', 12);
insert into Article (articleId, articleTitleRef, publishedOn, articleContentRef, newspaperId) values (247, '010d6607-aba3-4b02-b6d6-be87ce4aa785', '2019-10-24 16:16:43', '33dad0b8-5372-4e3e-a082-d6aed0506ac6', 1);
insert into Article (articleId, articleTitleRef, publishedOn, articleContentRef, newspaperId) values (248, '445539dc-667c-47e4-8f1e-69e07de63524', '2019-08-20 10:18:38', 'c4687d39-187a-4310-9898-ec6844d695bc', 14);
insert into Article (articleId, articleTitleRef, publishedOn, articleContentRef, newspaperId) values (249, 'c2d35cee-8aa8-42f5-a0d7-91e17f660b85', '2020-04-15 23:37:03', '7f97e487-b06a-40b4-9d2c-b008bcc85826', 9);
insert into Article (articleId, articleTitleRef, publishedOn, articleContentRef, newspaperId) values (250, '87bdf2d2-17f6-494b-9124-36e4d40efcb3', '2019-10-30 09:52:38', 'cf762bfd-6b08-492e-ac91-13b97052ea3b', 16);
insert into Article (articleId, articleTitleRef, publishedOn, articleContentRef, newspaperId) values (251, 'aeb20271-13d6-4732-b08f-4d8910210462', '2020-05-28 02:23:32', '3aab9c2a-a6f3-4fe5-8d76-7abf927ca37f', 16);
insert into Article (articleId, articleTitleRef, publishedOn, articleContentRef, newspaperId) values (252, '975ace34-a654-4b29-84eb-5ee572326039', '2019-10-30 11:01:49', '0e3a994e-d981-40a0-87d9-0b50177ce57d', 11);
insert into Article (articleId, articleTitleRef, publishedOn, articleContentRef, newspaperId) values (253, 'a5f569bb-09ea-49b0-a7e6-01569e409853', '2019-11-10 09:01:33', '3806e0b6-865e-460e-8bf7-fd7e5da8d693', 16);
insert into Article (articleId, articleTitleRef, publishedOn, articleContentRef, newspaperId) values (254, '8c7891b5-96e0-4bd8-94e5-ca38ca4f892c', '2020-01-29 19:56:24', '2f8000c2-f3e1-4731-95a3-dfd35396ed4d', 18);
insert into Article (articleId, articleTitleRef, publishedOn, articleContentRef, newspaperId) values (255, 'f0590446-bfc5-452a-babf-cfba430ca9e6', '2020-01-13 01:15:31', 'b392da00-8555-4288-9b75-2e3248e58126', 10);
insert into Article (articleId, articleTitleRef, publishedOn, articleContentRef, newspaperId) values (256, 'f4d90fcb-c445-4d30-b878-438e44e7a152', '2020-03-27 05:36:27', '9cd0e2a2-7a1e-4774-a79d-104c475bc30c', 10);
insert into Article (articleId, articleTitleRef, publishedOn, articleContentRef, newspaperId) values (257, 'f48c1788-9170-4e84-b839-12e74ba8a5e5', '2020-05-02 07:31:09', '28032a91-681e-478a-bba4-ca245ba923ae', 20);
insert into Article (articleId, articleTitleRef, publishedOn, articleContentRef, newspaperId) values (258, '1034448b-9891-4039-b606-57c9a54e4abe', '2019-07-12 01:39:52', 'a0fd679c-c127-4c17-bd8b-fb7d62696e20', 19);
insert into Article (articleId, articleTitleRef, publishedOn, articleContentRef, newspaperId) values (259, 'ecfbbc20-7cde-4640-a539-1d99ae101637', '2019-11-08 12:04:58', '83a3e7df-c5c9-46ca-acd6-c9814ba27646', 14);
insert into Article (articleId, articleTitleRef, publishedOn, articleContentRef, newspaperId) values (260, '1634549e-5dc4-4248-a2b4-b58f4ecc371d', '2019-12-31 03:05:53', 'd521cad8-69db-4985-81e9-540c197ebd5c', 16);
insert into Article (articleId, articleTitleRef, publishedOn, articleContentRef, newspaperId) values (261, 'aad99262-ed34-4d53-92a6-c742f934e5f8', '2019-12-26 21:20:34', 'fe4d9508-b5f9-46ca-b4a4-6d3bbd8eb320', 7);
insert into Article (articleId, articleTitleRef, publishedOn, articleContentRef, newspaperId) values (262, 'cd1ea5e6-5ac2-4453-aa86-519e723566a4', '2019-12-03 12:40:25', '08cdc21d-4550-4585-91db-d880121ef366', 3);
insert into Article (articleId, articleTitleRef, publishedOn, articleContentRef, newspaperId) values (263, 'cd543ce5-3016-4c08-9f6c-48f20bfa6190', '2019-12-24 00:25:12', 'd7b2817c-af1b-43d0-b7df-b5941994bf8f', 12);
insert into Article (articleId, articleTitleRef, publishedOn, articleContentRef, newspaperId) values (264, '40aa86c9-7b33-4cdb-a9af-2269309be6c4', '2019-08-09 20:47:29', '2d0e2ee1-ad1f-4573-a691-617061fd9953', 15);
insert into Article (articleId, articleTitleRef, publishedOn, articleContentRef, newspaperId) values (265, '7e2a4fc8-b569-40dd-ab17-41c182466788', '2019-09-16 15:12:39', 'cdb0a1e6-d390-4bf8-a093-cf1e5f79eeae', 6);
insert into Article (articleId, articleTitleRef, publishedOn, articleContentRef, newspaperId) values (266, 'f1e8e11b-b9ab-4e90-9d43-9d5edd4d8802', '2019-06-27 08:57:19', '7ee6b751-7205-4ff8-844f-78a9ef1c2cfe', 1);
insert into Article (articleId, articleTitleRef, publishedOn, articleContentRef, newspaperId) values (267, 'd7058be2-bf93-48d8-9c09-5c20b390c580', '2019-08-28 18:35:30', 'edb86736-166e-450d-afa0-73453f9fbf14', 12);
insert into Article (articleId, articleTitleRef, publishedOn, articleContentRef, newspaperId) values (268, 'd61d1c7c-1622-4a22-869f-f965dcbec2cf', '2019-12-29 01:07:02', 'fceb2cf7-70c7-429f-a8fb-04acedb0ce82', 4);
insert into Article (articleId, articleTitleRef, publishedOn, articleContentRef, newspaperId) values (269, '32f92ba2-84bc-4320-b601-08e9e2d18a32', '2019-11-16 08:12:03', '8dc8bb6e-8970-4fd5-8bd6-5095c175d9bf', 16);
insert into Article (articleId, articleTitleRef, publishedOn, articleContentRef, newspaperId) values (270, 'd8dc744a-6ecc-4bdd-ada0-6b40b8138cc7', '2019-12-27 14:46:13', '585ba11a-7f03-413f-ae4f-20fb07872e31', 19);
insert into Article (articleId, articleTitleRef, publishedOn, articleContentRef, newspaperId) values (271, '94d9b5d6-ea50-420d-b235-df4368936b6d', '2020-04-20 12:03:43', 'a3576e8f-32fa-4066-9dd1-92c4c5b6c2c3', 19);
insert into Article (articleId, articleTitleRef, publishedOn, articleContentRef, newspaperId) values (272, 'b152a35d-8b94-46b0-ae54-24901c8ade65', '2020-04-01 04:44:04', '7aca41fe-8bda-4c69-8c55-f887e207ead8', 16);
insert into Article (articleId, articleTitleRef, publishedOn, articleContentRef, newspaperId) values (273, 'f827e463-0316-4a93-a52e-da982ae65ad1', '2019-12-03 11:43:26', 'bb9dbf2d-6e9e-4b85-92b0-0f2b172d0726', 7);
insert into Article (articleId, articleTitleRef, publishedOn, articleContentRef, newspaperId) values (274, 'be1be13d-bcee-494a-90c3-1b13b3c21357', '2019-06-27 00:22:20', 'ba837266-7a3d-4463-9190-474c39250e22', 3);
insert into Article (articleId, articleTitleRef, publishedOn, articleContentRef, newspaperId) values (275, 'd79c8e39-ff18-485a-a9b5-9ce9ab1ffa76', '2020-01-16 19:23:34', 'f3f7d6b3-c1f7-4014-90eb-2bb71724e9f8', 14);
insert into Article (articleId, articleTitleRef, publishedOn, articleContentRef, newspaperId) values (276, 'ef541226-6ab7-43dc-b985-ce0a2907adaf', '2019-08-22 23:20:16', '6e12a389-4498-40fb-b421-d9e7e777187d', 14);
insert into Article (articleId, articleTitleRef, publishedOn, articleContentRef, newspaperId) values (277, '70aea627-ef7f-43e8-bc3c-78f69f0aa5c0', '2020-03-10 11:42:20', '37d15d74-e873-44ff-a598-0e305e7ddc0d', 4);
insert into Article (articleId, articleTitleRef, publishedOn, articleContentRef, newspaperId) values (278, '781de782-562a-4d53-8e48-ddbcfbb13f47', '2020-01-09 11:30:53', '3f7fd0cb-b86d-4d53-af9b-b6d6fd8d0a0b', 12);
insert into Article (articleId, articleTitleRef, publishedOn, articleContentRef, newspaperId) values (279, '04a878a6-dd11-4fb9-ba96-ff711ac1c28c', '2020-05-19 06:23:23', '9d6e6cf7-44c6-4269-9a37-f38970226670', 19);
insert into Article (articleId, articleTitleRef, publishedOn, articleContentRef, newspaperId) values (280, '6c395224-cea4-4b78-8da1-18aabc1154ae', '2019-10-22 07:49:26', 'cab79dab-6414-4101-97ac-78c2f9e2d8cb', 16);
insert into Article (articleId, articleTitleRef, publishedOn, articleContentRef, newspaperId) values (281, '3b00c0d8-932e-40eb-a4e7-0340d3876939', '2019-07-07 04:34:49', 'de9fbd9c-8701-4dcf-8875-0351bcba4e5a', 1);
insert into Article (articleId, articleTitleRef, publishedOn, articleContentRef, newspaperId) values (282, 'c3823628-d54e-4ef8-bac6-ea764d85bb2e', '2019-08-26 06:48:41', '35628b4d-e88f-467d-a60b-eeba084185d4', 7);
insert into Article (articleId, articleTitleRef, publishedOn, articleContentRef, newspaperId) values (283, '6c5c29ef-fdcd-4d75-8483-dab2ee8d1a01', '2019-09-23 11:22:12', 'ae52048e-59cd-4383-a1b5-dbb97da5d706', 20);
insert into Article (articleId, articleTitleRef, publishedOn, articleContentRef, newspaperId) values (284, '90ed0df6-1a54-4d35-9f34-57f37ac13e7a', '2020-01-28 08:39:44', 'd41c49b1-54bb-4086-a430-3d8ec0eae2a5', 11);
insert into Article (articleId, articleTitleRef, publishedOn, articleContentRef, newspaperId) values (285, 'edb50909-2403-4033-81bc-36c7bd7ac811', '2019-10-21 13:48:33', '1b5632a2-24ff-4b11-a63e-161c1a4d6689', 13);
insert into Article (articleId, articleTitleRef, publishedOn, articleContentRef, newspaperId) values (286, '3bc39c9f-586f-4a4c-941c-32542a8313e8', '2020-04-21 09:05:23', '0530897c-f0b7-4e7e-b32f-a57181199db1', 15);
insert into Article (articleId, articleTitleRef, publishedOn, articleContentRef, newspaperId) values (287, '1a11b19b-3e71-4777-adb8-46f9279c4d01', '2020-01-13 00:39:09', '828b9373-891b-4e52-bd97-1cfb44204244', 3);
insert into Article (articleId, articleTitleRef, publishedOn, articleContentRef, newspaperId) values (288, '9a845a59-a025-43b5-8984-c7eadc65433c', '2019-08-02 05:02:36', '8ba7733a-aa68-4d0d-8d4a-57ae66832bb1', 19);
insert into Article (articleId, articleTitleRef, publishedOn, articleContentRef, newspaperId) values (289, '3752affc-5bd5-4dd8-9522-8db84e05b4c4', '2020-04-17 04:05:52', '1f1bceea-7277-47d0-a989-84f8a1b5254d', 8);
insert into Article (articleId, articleTitleRef, publishedOn, articleContentRef, newspaperId) values (290, '34e1570e-7db4-4570-a865-4e2488acb4e3', '2019-08-21 23:58:02', '64de810d-ea9c-4ba5-a6fc-42096995b1b0', 8);
insert into Article (articleId, articleTitleRef, publishedOn, articleContentRef, newspaperId) values (291, 'e0b5e0f6-f6ab-475b-a32f-f4cb45cec4a4', '2019-10-14 04:08:25', '56e546d9-2bf5-4b13-a480-7a8a38a5d562', 11);
insert into Article (articleId, articleTitleRef, publishedOn, articleContentRef, newspaperId) values (292, '41548503-3902-4ed2-bad9-638ef21e90cf', '2019-11-26 19:52:28', '436fb6b9-01bd-482e-bcde-8afce442fbb0', 12);
insert into Article (articleId, articleTitleRef, publishedOn, articleContentRef, newspaperId) values (293, '96b3b249-0bae-4cd3-91c4-2fcd8e080279', '2019-10-28 14:19:48', '388a0d6c-a90b-4404-abde-e8c0bb858425', 7);
insert into Article (articleId, articleTitleRef, publishedOn, articleContentRef, newspaperId) values (294, 'e1e8ddbc-0bd0-4ac7-a443-65d01d2e6ca8', '2019-10-21 15:45:34', '16e5b701-497c-4338-b5da-717128971854', 13);
insert into Article (articleId, articleTitleRef, publishedOn, articleContentRef, newspaperId) values (295, 'cc30ccf7-e2a2-4afd-a380-103cd97ea7d4', '2020-01-10 15:04:42', '32450655-ba00-4d9c-b1e9-7cfabbfb96d2', 18);
insert into Article (articleId, articleTitleRef, publishedOn, articleContentRef, newspaperId) values (296, '9bdbb884-9580-4a35-a4ee-31bb2c9cf3b7', '2019-06-20 05:29:46', '1b3cc4c3-35d1-4013-94af-35ce8e44c026', 4);
insert into Article (articleId, articleTitleRef, publishedOn, articleContentRef, newspaperId) values (297, 'ef9c53fe-46ca-4a4a-9824-991c16907f52', '2019-06-25 06:52:38', '67f137f0-de19-4c02-8aee-1794cb961635', 3);
insert into Article (articleId, articleTitleRef, publishedOn, articleContentRef, newspaperId) values (298, '5c037298-5903-47c8-8b6d-f3365737653b', '2019-12-04 10:46:16', '15c6a73f-40c7-47ce-953d-2933afe84887', 12);
insert into Article (articleId, articleTitleRef, publishedOn, articleContentRef, newspaperId) values (299, 'fcc467b4-35a8-4cd0-94e8-0e71ae4c1090', '2019-06-28 03:45:01', 'cee1d6a1-508b-47ee-8abb-e0f5743b5ca7', 6);
insert into Article (articleId, articleTitleRef, publishedOn, articleContentRef, newspaperId) values (300, 'de9d7fc9-82cf-42e6-a588-bcf789d770ef', '2019-08-07 11:41:15', 'd8694276-e7fc-4b15-822e-80bc21cb70e3', 17);
insert into Article (articleId, articleTitleRef, publishedOn, articleContentRef, newspaperId) values (301, '39e4ac74-0023-4f1e-8dc8-6f6d30b72a1a', '2019-07-10 15:22:44', 'e1fa628d-417a-40e1-831e-68f34bab53ff', 7);
insert into Article (articleId, articleTitleRef, publishedOn, articleContentRef, newspaperId) values (302, '9ed5ada2-4a21-4426-8afa-cf66f2a53405', '2019-06-27 21:01:17', '607f95a3-b7ea-4666-aeeb-ef7bdf94fa37', 4);
insert into Article (articleId, articleTitleRef, publishedOn, articleContentRef, newspaperId) values (303, '22000a68-2cd8-4ec7-a03a-c8aefe6fc5fe', '2019-07-15 14:44:27', '0e961aee-cbf7-48b0-b430-e609bbb647ba', 15);
insert into Article (articleId, articleTitleRef, publishedOn, articleContentRef, newspaperId) values (304, 'e6f0c5e6-5ea0-44ae-8763-47f087857b84', '2019-07-12 05:07:49', '0aa615ff-93bf-46ed-add7-bbb73f70bc44', 13);
insert into Article (articleId, articleTitleRef, publishedOn, articleContentRef, newspaperId) values (305, 'a656c92e-8668-43e0-b2a4-e57853699e5c', '2019-10-20 02:18:34', 'd358d0e2-a6b2-4aab-ace4-06005b577a92', 6);
insert into Article (articleId, articleTitleRef, publishedOn, articleContentRef, newspaperId) values (306, '836ce2a7-2a09-47c0-9925-b71ac592e96b', '2020-01-14 09:35:39', 'ca2b956d-9600-4378-ae75-f08875f12244', 4);
insert into Article (articleId, articleTitleRef, publishedOn, articleContentRef, newspaperId) values (307, '035ecbaf-f9da-462f-b718-6389702faae1', '2020-02-25 22:26:26', '69c382bf-04d0-4f87-b8ff-88e15b5e1a1e', 3);
insert into Article (articleId, articleTitleRef, publishedOn, articleContentRef, newspaperId) values (308, 'df140c2d-039c-40a7-b3b6-ae35fec2bd3d', '2019-07-30 14:15:34', '1a881c95-06ad-4792-b3bf-68743c11399d', 4);
insert into Article (articleId, articleTitleRef, publishedOn, articleContentRef, newspaperId) values (309, 'e585a6cc-aaa6-4350-87cc-247a8e984dd2', '2019-07-22 12:15:01', 'b0887990-6995-4ff7-8f6a-8800f93385d0', 7);
insert into Article (articleId, articleTitleRef, publishedOn, articleContentRef, newspaperId) values (310, 'eb1f9627-20a3-464d-bce1-b3aa46829768', '2020-04-06 08:34:12', 'ca53be2e-4fe9-416c-a04c-aeb0abc0aabd', 1);
insert into Article (articleId, articleTitleRef, publishedOn, articleContentRef, newspaperId) values (311, '9b450364-4b65-4f10-b649-70cc5e0a32ab', '2020-05-15 17:29:04', '6c180931-e8e3-4bc0-b6f1-88f3fcdc2405', 1);
insert into Article (articleId, articleTitleRef, publishedOn, articleContentRef, newspaperId) values (312, '8cea1a3b-dd28-4ac9-a980-244aa6bdf4e2', '2019-07-15 16:39:48', 'e61fb3e5-c132-4d93-a3db-a8238209d5f5', 1);
insert into Article (articleId, articleTitleRef, publishedOn, articleContentRef, newspaperId) values (313, 'e478288f-1eb8-4ec6-87cc-3af61a39c969', '2019-06-30 12:30:29', 'e12bd6fb-40c9-4797-b1a1-3850ff0d8a18', 7);
insert into Article (articleId, articleTitleRef, publishedOn, articleContentRef, newspaperId) values (314, '643709f1-65b5-4103-b584-3b03ce8ccbe4', '2020-04-19 05:55:28', 'a8536e65-219e-47fa-a562-f53f108f0740', 11);
insert into Article (articleId, articleTitleRef, publishedOn, articleContentRef, newspaperId) values (315, '1860ca88-1d62-431b-8206-409f540f6c6c', '2019-12-07 08:10:54', '9a3d3e53-5e03-46ae-8a51-891f9a1187b8', 8);
insert into Article (articleId, articleTitleRef, publishedOn, articleContentRef, newspaperId) values (316, '8900f445-2291-400c-8891-1ef6a87cf9a8', '2019-12-10 01:47:54', '364dc3ed-a91e-49d6-99eb-24921734f7cd', 13);
insert into Article (articleId, articleTitleRef, publishedOn, articleContentRef, newspaperId) values (317, '47ae9db2-10fe-46da-8ded-eaebe5b806ad', '2019-08-20 06:00:35', '01a2d4ec-e904-48d8-8dbe-06abc5e1f15c', 4);
insert into Article (articleId, articleTitleRef, publishedOn, articleContentRef, newspaperId) values (318, 'd3e4acbd-01fe-4789-bb73-960c77822bce', '2020-03-22 05:56:30', 'f7debae7-ea92-4171-bc96-3eda67c452d6', 3);
insert into Article (articleId, articleTitleRef, publishedOn, articleContentRef, newspaperId) values (319, 'fc4e8921-286a-46ed-92be-ef392d8e6dfe', '2019-08-12 15:50:39', '009a0acb-248e-4eca-9ace-0fe972d72ac6', 16);
insert into Article (articleId, articleTitleRef, publishedOn, articleContentRef, newspaperId) values (320, '2eacb994-59ee-47fc-91ab-03cd58cb166b', '2019-11-28 23:53:06', 'dcccb827-a897-42e2-bb60-3d7958c3c37f', 17);
insert into Article (articleId, articleTitleRef, publishedOn, articleContentRef, newspaperId) values (321, '13a18de9-cf0c-4cb1-9435-272ed3a9d42e', '2019-09-28 04:44:58', '45f35889-c63c-4a08-afc6-98c4deba565b', 16);
insert into Article (articleId, articleTitleRef, publishedOn, articleContentRef, newspaperId) values (322, '792e4440-cf96-473e-b2d5-befbbb3157e4', '2020-01-04 00:36:13', '3f1bfbe4-f6df-4a11-83c1-2c8f57c51b7e', 15);
insert into Article (articleId, articleTitleRef, publishedOn, articleContentRef, newspaperId) values (323, 'bb35f08b-1313-4231-83ff-d1fbf92554eb', '2019-08-14 08:50:12', 'a8244096-56d8-42c2-8f26-ebff752b433e', 13);
insert into Article (articleId, articleTitleRef, publishedOn, articleContentRef, newspaperId) values (324, '5e94b632-b69e-4d2f-ab53-424a797f6444', '2020-02-17 06:14:00', '0c9f5bf9-1fba-491d-8f7a-554f39e18081', 17);
insert into Article (articleId, articleTitleRef, publishedOn, articleContentRef, newspaperId) values (325, '6a481a0a-10df-4024-9ed3-aee06ab46e0e', '2020-01-19 01:46:57', '24f50550-453f-4dd6-8448-f07b52add356', 17);
insert into Article (articleId, articleTitleRef, publishedOn, articleContentRef, newspaperId) values (326, 'c797db32-06fc-49f4-9377-e67060c0d2e6', '2020-04-06 10:30:13', '2c5b258b-1809-4a6b-8fcf-d4876525fa53', 8);
insert into Article (articleId, articleTitleRef, publishedOn, articleContentRef, newspaperId) values (327, '99b12baf-a9e5-44c6-a4c9-96695557d7bc', '2020-01-01 08:50:55', 'bc5ccff8-132b-4269-8bc2-40eab4ecb4a9', 20);
insert into Article (articleId, articleTitleRef, publishedOn, articleContentRef, newspaperId) values (328, 'd8be50ae-aa9e-488f-b600-dd3e248c0c1b', '2019-08-17 20:18:00', '39da34a5-f122-479c-982c-b84cd01245b2', 20);
insert into Article (articleId, articleTitleRef, publishedOn, articleContentRef, newspaperId) values (329, 'cabbaeab-f47b-4809-bb39-c528369a3b05', '2019-11-13 00:48:37', 'abe63417-dd92-434b-9e81-f1562ced1b1b', 6);
insert into Article (articleId, articleTitleRef, publishedOn, articleContentRef, newspaperId) values (330, 'd32c5b35-788e-47cc-b1d2-cfb8296319c0', '2019-12-09 18:10:21', '56909bab-d926-4519-be35-5544039b9632', 3);
insert into Article (articleId, articleTitleRef, publishedOn, articleContentRef, newspaperId) values (331, '3b0f0eaf-c881-4d4b-8960-1a0bd469fc5d', '2019-07-20 23:51:22', '5251c805-3026-4074-a714-0ad0986d5252', 5);
insert into Article (articleId, articleTitleRef, publishedOn, articleContentRef, newspaperId) values (332, '2d6ccd59-a6a6-4c81-a2d7-c9549983e4b6', '2020-03-02 08:34:23', 'a6cdd6f6-8051-4f19-9366-ce9713fbaefc', 9);
insert into Article (articleId, articleTitleRef, publishedOn, articleContentRef, newspaperId) values (333, '12e2eaef-d733-4d5e-b9d1-54c65122b71a', '2019-10-24 21:25:00', 'c11da23d-5c74-47d7-8c81-aa794aec9b23', 17);
insert into Article (articleId, articleTitleRef, publishedOn, articleContentRef, newspaperId) values (334, '9717e464-c5af-4398-8593-786412612adc', '2020-05-14 16:22:19', 'be825743-3818-404b-8e1c-2e8bdc5b8abe', 7);
insert into Article (articleId, articleTitleRef, publishedOn, articleContentRef, newspaperId) values (335, '8b50348c-e6dc-4ae6-98c9-2a7f52273e32', '2019-12-21 12:08:55', 'ec18ed87-6480-4ccc-8c6c-45ae6d0daaeb', 5);
insert into Article (articleId, articleTitleRef, publishedOn, articleContentRef, newspaperId) values (336, '6332926b-f4b4-4b6c-9754-850392b38632', '2020-03-13 21:55:40', 'bfa56589-547b-4d00-a94e-1e071c62706f', 12);
insert into Article (articleId, articleTitleRef, publishedOn, articleContentRef, newspaperId) values (337, '5a8c1203-cca1-454f-bda3-f4f3f3dff22b', '2020-02-05 10:58:46', '633ba17a-192e-4b0a-b4b9-ad7667046502', 2);
insert into Article (articleId, articleTitleRef, publishedOn, articleContentRef, newspaperId) values (338, '0b10f703-4513-40a4-9915-599a10e4fbfc', '2019-12-01 19:30:55', 'b1422bc6-d6cb-4897-a3d0-a18a0b912363', 6);
insert into Article (articleId, articleTitleRef, publishedOn, articleContentRef, newspaperId) values (339, '5e2b8db2-0e6d-4ee0-8acc-624a6b35e11c', '2020-03-04 03:11:28', '1dd2d7cc-2844-40a0-8872-8d8c34ad9434', 12);
insert into Article (articleId, articleTitleRef, publishedOn, articleContentRef, newspaperId) values (340, 'a4fad35d-9a53-4692-a7da-713f8cc8a30d', '2019-10-20 22:49:49', 'ec26321c-a4f4-4cc0-85b1-08a4179afb06', 5);
insert into Article (articleId, articleTitleRef, publishedOn, articleContentRef, newspaperId) values (341, 'bfdfc33a-f2c9-48fc-9717-bee18a8716da', '2019-12-24 02:06:54', '0c510647-82a3-41cd-938b-7b545813094e', 14);
insert into Article (articleId, articleTitleRef, publishedOn, articleContentRef, newspaperId) values (342, '471af72a-651d-49b6-86d5-bb71e4cda07f', '2019-08-13 03:06:56', '395cdc31-c3b8-44c0-8c53-8c4f18b0ba28', 1);
insert into Article (articleId, articleTitleRef, publishedOn, articleContentRef, newspaperId) values (343, 'ca744927-24ff-4d24-8efe-76f5de4b89bc', '2019-12-05 20:50:06', '6abc85d0-6aac-4b57-8c68-7513e43588dd', 9);
insert into Article (articleId, articleTitleRef, publishedOn, articleContentRef, newspaperId) values (344, '9cf79cc7-8c3e-413c-8c68-b1201bb72224', '2019-07-16 08:31:39', 'ffe11b7b-ed6c-44ff-97ff-eb32447fedf6', 7);
insert into Article (articleId, articleTitleRef, publishedOn, articleContentRef, newspaperId) values (345, 'd7d2b3a2-5854-42ae-b8bf-65bd5e416373', '2019-09-30 04:01:04', 'e902610e-9306-4e54-be81-6ce69a9cede0', 19);
insert into Article (articleId, articleTitleRef, publishedOn, articleContentRef, newspaperId) values (346, 'da29333f-84e4-45a5-acd8-5a4829b8fc9c', '2019-08-05 20:14:34', '08f60ab2-2143-4f45-bfd6-e535ee645244', 16);
insert into Article (articleId, articleTitleRef, publishedOn, articleContentRef, newspaperId) values (347, '6dc377c5-8284-4f9a-ab52-a2fd75d8b4af', '2020-01-20 12:12:59', '4b877cd6-4fe2-404d-bf8b-a7d8c2141374', 1);
insert into Article (articleId, articleTitleRef, publishedOn, articleContentRef, newspaperId) values (348, '0e239862-44f9-41a5-8249-2511412e9762', '2020-05-30 08:41:14', '1f88bb1f-afae-4880-bba1-579979ac4807', 10);
insert into Article (articleId, articleTitleRef, publishedOn, articleContentRef, newspaperId) values (349, 'e365eba3-30c8-46d2-8790-a8de561837e3', '2019-10-16 00:07:55', 'e45c630c-6dcf-4b05-b37f-e0ca439c342e', 3);
insert into Article (articleId, articleTitleRef, publishedOn, articleContentRef, newspaperId) values (350, 'e6afaaaa-7a43-4d40-82b7-d0789d17c7b5', '2019-09-19 06:34:29', '9742ce9b-3c84-483f-9946-fe8fb339b3ac', 20);
insert into Article (articleId, articleTitleRef, publishedOn, articleContentRef, newspaperId) values (351, '6f374b84-6c68-4191-967f-4e1e70b2cc11', '2020-05-09 09:56:39', 'ab10a0b5-eab4-4181-b82a-6ee11b3f7275', 12);
insert into Article (articleId, articleTitleRef, publishedOn, articleContentRef, newspaperId) values (352, 'f6ee2de7-0fec-4f82-9aab-1c9564bf2449', '2020-01-01 02:03:41', 'b2f7cb59-9076-4f9b-9ff2-a595567d53ea', 5);
insert into Article (articleId, articleTitleRef, publishedOn, articleContentRef, newspaperId) values (353, '0c65af51-e556-4899-ab6d-833f27fec99d', '2020-02-23 10:06:35', '3238884b-858b-4523-9546-558f26c9be3e', 20);
insert into Article (articleId, articleTitleRef, publishedOn, articleContentRef, newspaperId) values (354, '4f6d2754-9695-42fb-b529-c155fe69b25a', '2019-05-31 13:23:45', 'd9a20386-7bb9-4223-8b1f-3b85b29e6a90', 5);
insert into Article (articleId, articleTitleRef, publishedOn, articleContentRef, newspaperId) values (355, '192fa83d-5879-486f-8745-56389e3004bf', '2019-07-13 12:23:21', 'ea58f690-26e4-4794-ad20-d0ee44c01b4a', 20);
insert into Article (articleId, articleTitleRef, publishedOn, articleContentRef, newspaperId) values (356, 'aa44c8a0-2082-4081-80db-83192e60977b', '2019-10-25 22:34:11', '2d373f81-4ead-4c13-aa17-b1931fa990dc', 8);
insert into Article (articleId, articleTitleRef, publishedOn, articleContentRef, newspaperId) values (357, '4f4f43c0-c194-43b5-8dc2-ed0df448a382', '2020-04-19 06:15:32', '0b6d2f4f-1d6a-4765-aa8f-a6d732669b98', 11);
insert into Article (articleId, articleTitleRef, publishedOn, articleContentRef, newspaperId) values (358, '9a446937-903e-4b3d-9ba6-b9c72c499057', '2019-08-22 11:10:03', '8a60072a-9d4a-446e-b794-8914b31ae2d5', 4);
insert into Article (articleId, articleTitleRef, publishedOn, articleContentRef, newspaperId) values (359, 'b1ca2747-39aa-4df0-9933-a587597970a6', '2019-08-20 09:30:13', 'ee7c13ab-b202-485b-a1af-3ff5e3ff110a', 11);
insert into Article (articleId, articleTitleRef, publishedOn, articleContentRef, newspaperId) values (360, '59496dbd-f9be-4721-883e-f96eb115c52b', '2019-09-17 23:42:29', '6e42fcb3-fbac-45d3-b4d8-60682c8cd033', 4);
insert into Article (articleId, articleTitleRef, publishedOn, articleContentRef, newspaperId) values (361, '92fd4648-f853-492f-8f10-27a3dadb146f', '2020-04-19 04:14:59', '2ae74fca-e31b-4085-84c6-5737940dbb1e', 16);
insert into Article (articleId, articleTitleRef, publishedOn, articleContentRef, newspaperId) values (362, 'd1f540cf-8316-4eb3-8c98-e2b40d5e5018', '2019-06-12 10:26:21', '8a98c3ff-4dbb-40c5-8058-5f9552c11c9c', 4);
insert into Article (articleId, articleTitleRef, publishedOn, articleContentRef, newspaperId) values (363, '2f134594-c32d-4de0-b288-d82fbeef45de', '2019-09-16 14:58:36', '92089caa-d02e-474b-b4bf-0b7cb5b64c7a', 12);
insert into Article (articleId, articleTitleRef, publishedOn, articleContentRef, newspaperId) values (364, '54e79968-b3ce-4899-a58a-cadbcb2c8427', '2020-02-20 00:12:15', '1888c20d-976c-433e-8d7b-807491b8d232', 20);
insert into Article (articleId, articleTitleRef, publishedOn, articleContentRef, newspaperId) values (365, 'c1d2c31a-c8cf-48ce-8296-1d19874daeaf', '2020-04-13 21:16:44', 'ba4e7866-ed5b-4ef1-b78c-8d6946f833a9', 5);
insert into Article (articleId, articleTitleRef, publishedOn, articleContentRef, newspaperId) values (366, '9de2b0e2-d859-4cb5-aaa0-4877e2449c9a', '2019-11-12 23:34:38', '8d5212a1-3fa5-4334-9f50-5527dd7ddea3', 15);
insert into Article (articleId, articleTitleRef, publishedOn, articleContentRef, newspaperId) values (367, 'e1f796fa-dc90-4434-a83d-81a277f0ecc7', '2019-07-05 01:12:55', 'b5f49fb6-997f-41c0-a8c4-a3dead4eb282', 17);
insert into Article (articleId, articleTitleRef, publishedOn, articleContentRef, newspaperId) values (368, '92dd77e1-03b8-425d-b11e-aeb87c41dd3c', '2019-12-05 20:04:55', 'cb272e5f-65a5-46bb-b04d-82bcdde430bd', 6);
insert into Article (articleId, articleTitleRef, publishedOn, articleContentRef, newspaperId) values (369, '63b4f04a-58a1-4b27-96d2-39b9254066ef', '2020-01-06 06:32:06', 'c5efc3dd-3203-40c9-b9ad-fd554115a775', 16);
insert into Article (articleId, articleTitleRef, publishedOn, articleContentRef, newspaperId) values (370, '396dea3f-b07c-4754-b0df-e5e99b9ad4c8', '2020-03-25 03:15:43', 'abe11023-2bcd-4304-8b08-b4c85d8d2b0e', 14);
insert into Article (articleId, articleTitleRef, publishedOn, articleContentRef, newspaperId) values (371, 'b1248c5b-59af-4c71-98c4-d103d28870f0', '2020-05-21 00:07:49', '82cdc438-f2d5-49a2-9b47-3dbe117237f2', 19);
insert into Article (articleId, articleTitleRef, publishedOn, articleContentRef, newspaperId) values (372, '2f7d7ecf-0a38-4321-a1e7-2991a87470ee', '2020-05-07 00:54:31', '8592c436-de11-474a-9289-0ec0f8194216', 14);
insert into Article (articleId, articleTitleRef, publishedOn, articleContentRef, newspaperId) values (373, '8fc14bbb-49d9-4158-b5a6-8f1380b47bac', '2019-06-15 11:27:03', 'f111f076-c164-4085-89cf-aaf16a4bb17b', 10);
insert into Article (articleId, articleTitleRef, publishedOn, articleContentRef, newspaperId) values (374, 'e621c57c-3d58-4cd4-82cd-5ec1875c31ea', '2019-09-04 09:34:38', '8fc72fb5-27c4-419c-8c30-f168cad0d498', 6);
insert into Article (articleId, articleTitleRef, publishedOn, articleContentRef, newspaperId) values (375, '80f86675-e39d-473d-a37c-1b8fffe92b46', '2019-10-02 19:54:15', '19df8124-b6a2-4c19-9cbb-07990a72b70a', 11);
insert into Article (articleId, articleTitleRef, publishedOn, articleContentRef, newspaperId) values (376, 'cb4a6c6a-1eb9-4ee5-a153-9367e344fa91', '2019-10-21 22:42:36', 'bd00052a-e943-496d-88cd-444d80975688', 6);
insert into Article (articleId, articleTitleRef, publishedOn, articleContentRef, newspaperId) values (377, '39a1c527-d636-4b64-9a40-013487a8305f', '2019-06-26 20:42:33', '38b3883e-ab1d-48b3-be52-45d1c716fdd2', 4);
insert into Article (articleId, articleTitleRef, publishedOn, articleContentRef, newspaperId) values (378, 'c37d65e7-9afd-4e45-a228-9274345067d3', '2020-01-31 12:16:06', 'c9e751da-61e9-4d25-8cd7-fd8e61e151f2', 1);
insert into Article (articleId, articleTitleRef, publishedOn, articleContentRef, newspaperId) values (379, '26674c59-a223-4acf-b46a-115051f9dec3', '2019-07-15 08:05:37', 'd422e8f1-e939-4eb3-b0bb-4f419325bd54', 13);
insert into Article (articleId, articleTitleRef, publishedOn, articleContentRef, newspaperId) values (380, '532d26c9-7e42-47fe-9c1a-77686f4568ed', '2020-01-08 03:06:06', 'f4747f2d-9c3e-4efa-ad96-243e9a06ba0c', 13);
insert into Article (articleId, articleTitleRef, publishedOn, articleContentRef, newspaperId) values (381, 'ffb54147-ac27-4a99-a340-f2056d4d7468', '2019-08-20 09:53:56', '3dd9c16b-78b4-43c8-a071-e2ac49427515', 1);
insert into Article (articleId, articleTitleRef, publishedOn, articleContentRef, newspaperId) values (382, '5b906f88-f26a-49d6-85dd-f5ce76e060cd', '2020-05-30 13:11:05', 'acd2137d-fb02-4aa7-8dc9-f014e3b330dc', 5);
insert into Article (articleId, articleTitleRef, publishedOn, articleContentRef, newspaperId) values (383, '316cd11c-0a87-419c-8e43-55108daef55e', '2019-12-13 12:31:29', '3e205100-ad18-447a-9bec-3988f708d678', 16);
insert into Article (articleId, articleTitleRef, publishedOn, articleContentRef, newspaperId) values (384, '755c688a-1ffd-4b51-a231-8c51b150a9da', '2019-09-29 13:32:22', 'aa022921-586c-480e-985a-b62f2ac4b249', 16);
insert into Article (articleId, articleTitleRef, publishedOn, articleContentRef, newspaperId) values (385, '48330d44-181b-4ca1-a0b5-1ea0d448d7c1', '2020-03-17 10:25:50', '4ae8328c-c043-4e5a-bcc8-e20269f64751', 14);
insert into Article (articleId, articleTitleRef, publishedOn, articleContentRef, newspaperId) values (386, 'dc7f96ba-d043-4a3d-9e10-077b11af6761', '2020-04-20 05:03:30', '585016d3-2a1b-4313-854d-2fb9ab009b4d', 16);
insert into Article (articleId, articleTitleRef, publishedOn, articleContentRef, newspaperId) values (387, '1bf8e8ef-e75d-49a4-a452-2bd013b7500a', '2019-09-14 02:17:51', 'fa1dd90f-259a-4a07-b923-b6200aa197ca', 7);
insert into Article (articleId, articleTitleRef, publishedOn, articleContentRef, newspaperId) values (388, '3b66ab25-47ed-4625-9aa4-f8554a4abd91', '2019-08-11 00:52:51', '69458288-e58a-4917-8e84-fd9a609a8c40', 16);
insert into Article (articleId, articleTitleRef, publishedOn, articleContentRef, newspaperId) values (389, '97e075b5-2cb5-43b0-a9ed-265814d2de39', '2019-12-08 22:29:40', '0f12fea1-d98c-4a9a-af20-13412da87051', 8);
insert into Article (articleId, articleTitleRef, publishedOn, articleContentRef, newspaperId) values (390, '07659f50-648a-41d4-9209-9568e7802045', '2019-08-10 14:51:42', 'd54d479a-5535-406b-bc81-f01200cad8e1', 8);
insert into Article (articleId, articleTitleRef, publishedOn, articleContentRef, newspaperId) values (391, 'b234e16e-913d-4b28-bfd8-92e50a909d09', '2019-07-21 04:59:46', 'd3378edd-b32e-453c-9b51-1cc3b5d973fe', 5);
insert into Article (articleId, articleTitleRef, publishedOn, articleContentRef, newspaperId) values (392, '890b5c47-a6b9-4f08-9a5b-41e9267beb87', '2019-05-31 11:31:07', 'b2ecc219-9683-47c7-85a3-6c99a3b17844', 19);
insert into Article (articleId, articleTitleRef, publishedOn, articleContentRef, newspaperId) values (393, '27ced333-7edc-4ff5-8008-e33bd451d50f', '2020-02-12 17:18:10', '2814d900-f52a-409c-a7b9-2720364b192d', 20);
insert into Article (articleId, articleTitleRef, publishedOn, articleContentRef, newspaperId) values (394, '96fd00d5-9a11-4fd9-8dc5-505c45d790df', '2020-04-11 15:25:41', 'fff0818a-9c2f-4261-ac16-62273fa515c4', 19);
insert into Article (articleId, articleTitleRef, publishedOn, articleContentRef, newspaperId) values (395, 'd8bb493a-1d90-4913-9bef-fb6ec14fa6d2', '2020-03-22 21:41:08', '588cf80d-50fe-46f1-b88c-724613dff31b', 14);
insert into Article (articleId, articleTitleRef, publishedOn, articleContentRef, newspaperId) values (396, 'ddc94684-8d0b-4d77-ab0c-e13f468da5c4', '2019-10-25 15:55:09', '5556fe4f-d0b1-459c-a6ca-a54d5f21aa43', 11);
insert into Article (articleId, articleTitleRef, publishedOn, articleContentRef, newspaperId) values (397, 'b0f76a20-4ce4-49ad-8a82-3ca587e674f3', '2020-03-27 01:53:14', '873461a9-3809-4a26-8296-e249c142a2f4', 5);
insert into Article (articleId, articleTitleRef, publishedOn, articleContentRef, newspaperId) values (398, '893cd6d8-20ef-456d-8b17-aac9a81b55ec', '2020-04-19 13:33:08', 'c189ea1e-a014-42a0-a2f4-488277fb5b62', 3);
insert into Article (articleId, articleTitleRef, publishedOn, articleContentRef, newspaperId) values (399, 'ee1c770a-335a-4c56-83ee-446ffcbb4dac', '2020-01-06 02:27:30', '1b6c43d2-0945-42ba-9f7a-df3c1ae465cb', 5);
insert into Article (articleId, articleTitleRef, publishedOn, articleContentRef, newspaperId) values (400, '48dbf985-6cb0-44d0-bd70-f9eefdfc7e4c', '2019-06-01 15:08:01', 'ad5a0a60-c7ad-43e9-8acf-8fec1f76cc5c', 7);
insert into Article (articleId, articleTitleRef, publishedOn, articleContentRef, newspaperId) values (401, '0650d834-a9a5-4284-9da5-5f622b2290a1', '2019-07-05 09:04:01', 'd0b1acf5-da47-440e-ac9a-911870eaefe0', 9);
insert into Article (articleId, articleTitleRef, publishedOn, articleContentRef, newspaperId) values (402, '316e43da-51f6-4b18-8620-869e10390938', '2020-04-13 23:37:36', 'b9e8e62d-4f36-49a2-8ec3-ffa61114dfe4', 9);
insert into Article (articleId, articleTitleRef, publishedOn, articleContentRef, newspaperId) values (403, 'f3b0afb5-6ba0-40cf-ba2e-1ad27f24d2ff', '2019-09-05 01:00:53', '1729399d-c71d-4bd2-a2bd-d41f06c9c596', 9);
insert into Article (articleId, articleTitleRef, publishedOn, articleContentRef, newspaperId) values (404, '6f4fecc7-dee3-49ad-82b4-ec8202c16922', '2020-05-20 05:18:40', '2923fa23-35eb-4065-9719-91bb0ecadc31', 9);
insert into Article (articleId, articleTitleRef, publishedOn, articleContentRef, newspaperId) values (405, '39d2a61a-e232-4129-bd3b-69b9a8c79b52', '2019-10-09 12:52:49', '6597ff55-07e0-47cd-8e5d-22bfb0268489', 9);
insert into Article (articleId, articleTitleRef, publishedOn, articleContentRef, newspaperId) values (406, 'f57e7030-cd13-4fe2-b571-0de2ed9181fa', '2019-08-04 21:49:53', '853d02a9-4c5d-4ae4-b1b3-80a201362ccd', 3);
insert into Article (articleId, articleTitleRef, publishedOn, articleContentRef, newspaperId) values (407, '93220880-d763-4c54-99b3-b8825545dc17', '2020-01-29 13:27:59', '9ea0046b-f875-4db6-b549-18d495142bfb', 2);
insert into Article (articleId, articleTitleRef, publishedOn, articleContentRef, newspaperId) values (408, 'a876115e-84ef-4bc8-9837-2ee5d2499453', '2019-07-12 08:41:59', 'd0cd7dd9-f101-41e5-9675-6946343502bf', 13);
insert into Article (articleId, articleTitleRef, publishedOn, articleContentRef, newspaperId) values (409, '25243814-c6c9-40cb-8ebb-030e21f4d406', '2019-11-23 05:33:37', '969afb6c-5dcc-4f0f-a14c-acec4c9d4c94', 3);
insert into Article (articleId, articleTitleRef, publishedOn, articleContentRef, newspaperId) values (410, '251c5c6c-3205-4410-baf3-9d299c4089e7', '2019-07-25 09:32:29', 'd7dbd056-3714-4858-999a-e0d4c7402ea9', 2);
insert into Article (articleId, articleTitleRef, publishedOn, articleContentRef, newspaperId) values (411, '881dcd84-05f8-4c50-9723-b8f7f4521f5f', '2019-11-12 20:29:32', 'ae5b23eb-3058-4b2d-a483-1089bf444bed', 20);
insert into Article (articleId, articleTitleRef, publishedOn, articleContentRef, newspaperId) values (412, '3fc1021a-bf00-4e6c-a144-8db1145c3552', '2019-08-17 04:23:18', 'f48b10c1-6a3e-4697-9ef2-18b4cdf52ee8', 9);
insert into Article (articleId, articleTitleRef, publishedOn, articleContentRef, newspaperId) values (413, '342b51b0-10f7-4526-b4a5-1fe9cb0e329b', '2019-09-08 16:27:37', '30b5fcc1-a294-443d-9418-292d75b9b5cd', 15);
insert into Article (articleId, articleTitleRef, publishedOn, articleContentRef, newspaperId) values (414, '5cabfb96-1cc0-4a45-ae3b-a0d1c10689c7', '2020-04-10 09:11:18', 'b751970a-1457-440b-b643-c80fb2a2086b', 3);
insert into Article (articleId, articleTitleRef, publishedOn, articleContentRef, newspaperId) values (415, 'ff6ce103-9c61-4033-aed3-e195a5460f4c', '2019-09-12 09:30:01', 'd50a131b-dbe5-430c-bfcf-b3b227cd642b', 6);
insert into Article (articleId, articleTitleRef, publishedOn, articleContentRef, newspaperId) values (416, 'b7e17c1b-0ae1-4a21-b6b1-539c06a479a1', '2020-05-09 16:40:56', '94d43317-9493-4fd6-b931-600adb09eaed', 15);
insert into Article (articleId, articleTitleRef, publishedOn, articleContentRef, newspaperId) values (417, 'cdc6e1ab-db51-4a02-9f7c-3c2cf863a3ae', '2020-04-19 05:42:22', '9ecafa24-8f62-4ffd-b813-5cb22db7d33a', 13);
insert into Article (articleId, articleTitleRef, publishedOn, articleContentRef, newspaperId) values (418, '547bec2c-af45-4649-b69f-a453e5ea545a', '2020-02-13 01:24:03', '1de0648c-71b0-452e-a069-fb6500463d2e', 1);
insert into Article (articleId, articleTitleRef, publishedOn, articleContentRef, newspaperId) values (419, '00cf43aa-95bf-43a8-8174-b1392e653c50', '2019-08-12 08:57:17', '71820c87-a95c-4101-8512-7f81d3c9f894', 8);
insert into Article (articleId, articleTitleRef, publishedOn, articleContentRef, newspaperId) values (420, 'c539b870-5382-4dc4-be2e-cea763cc8851', '2020-01-22 21:08:36', 'dfc8d9c7-a35e-405d-95da-c234213ac4c4', 13);
insert into Article (articleId, articleTitleRef, publishedOn, articleContentRef, newspaperId) values (421, '494f10bb-e2e1-4c2a-a640-310ab1396cb7', '2020-01-27 17:35:07', 'e9cac16c-d48c-4a7f-bc60-8e68fc09cf7b', 18);
insert into Article (articleId, articleTitleRef, publishedOn, articleContentRef, newspaperId) values (422, '18c22b3f-83ac-4c24-a5ad-cad3dd8a742e', '2020-01-18 06:36:25', 'c3be7ed8-a356-4793-949f-a4cc934ad6ec', 16);
insert into Article (articleId, articleTitleRef, publishedOn, articleContentRef, newspaperId) values (423, '89c7e683-4e25-482f-a6da-b9cd1156773e', '2019-10-13 08:53:17', 'bf4584d3-d88e-48cd-9dc2-f52e5d2e1aa0', 2);
insert into Article (articleId, articleTitleRef, publishedOn, articleContentRef, newspaperId) values (424, '7cc5187f-00d8-4419-957c-a7d9f8a207ca', '2020-02-25 13:10:01', 'c45a9c0f-f703-4491-a17b-e4e8063ff765', 8);
insert into Article (articleId, articleTitleRef, publishedOn, articleContentRef, newspaperId) values (425, '92b4595e-50cc-41cb-855a-5f1da12f729b', '2019-06-19 00:40:16', 'fce0940d-c524-4fae-afe1-df99b9e00c29', 20);
insert into Article (articleId, articleTitleRef, publishedOn, articleContentRef, newspaperId) values (426, 'd31cb667-7f1b-4484-8edf-5f36d12b1f6b', '2020-04-14 09:32:26', 'eb7d9010-92d2-45c1-b0d5-d8f4b4b0c275', 7);
insert into Article (articleId, articleTitleRef, publishedOn, articleContentRef, newspaperId) values (427, 'a6354448-d175-43d0-acee-8d187051ead6', '2019-08-21 20:53:08', 'd961a226-9ad2-4901-8ec2-00ab7fffb088', 16);
insert into Article (articleId, articleTitleRef, publishedOn, articleContentRef, newspaperId) values (428, 'acc7fbd1-0697-4502-8125-5dc9deb3f348', '2019-06-25 21:34:41', '55725fb4-5c45-4c27-ba21-299546e0d81e', 17);
insert into Article (articleId, articleTitleRef, publishedOn, articleContentRef, newspaperId) values (429, 'ecdb3718-0841-47e5-88c7-9f7779e0b865', '2020-04-26 23:29:09', 'a4f55334-a687-47b5-a7fa-57077694ffad', 12);
insert into Article (articleId, articleTitleRef, publishedOn, articleContentRef, newspaperId) values (430, '6a10e889-22b2-4e55-9920-3d13b67c65fc', '2020-01-31 04:33:58', 'a47ab871-565e-43de-a0c7-3519d01dd186', 9);
insert into Article (articleId, articleTitleRef, publishedOn, articleContentRef, newspaperId) values (431, '614c6150-61de-4653-a1c1-57b750d12a12', '2020-01-22 18:25:33', '6f1f0ed2-75e6-4af3-a957-369dd0d59058', 5);
insert into Article (articleId, articleTitleRef, publishedOn, articleContentRef, newspaperId) values (432, '7fedde85-1428-4c78-8e92-d676b4ba70e7', '2020-02-13 23:22:37', '06791c62-3161-4d27-9697-81089cb40908', 8);
insert into Article (articleId, articleTitleRef, publishedOn, articleContentRef, newspaperId) values (433, 'cbb05ca0-681a-41ee-86a1-093ca1e13fd4', '2020-02-06 08:13:37', '0b316038-cf09-40b2-9766-1cca0a5799dd', 18);
insert into Article (articleId, articleTitleRef, publishedOn, articleContentRef, newspaperId) values (434, '7003f276-d50a-42a2-aaec-e6cd74afb48e', '2020-05-22 15:56:54', 'b82f3a1c-6938-42f7-84c6-11f1abb19d67', 17);
insert into Article (articleId, articleTitleRef, publishedOn, articleContentRef, newspaperId) values (435, '186acd35-21aa-4e96-aec4-12f312627371', '2019-08-09 16:38:56', 'f007fbfe-47c2-4f6a-a4fa-9057bbb9b592', 5);
insert into Article (articleId, articleTitleRef, publishedOn, articleContentRef, newspaperId) values (436, '7ef7c9f1-8572-49b9-b70a-7327b0b030b3', '2019-09-29 09:05:30', '360ced27-a722-4fdf-b12e-5eb0e753f15a', 5);
insert into Article (articleId, articleTitleRef, publishedOn, articleContentRef, newspaperId) values (437, '17eb7508-6263-4f79-9e49-209db3a26a4c', '2020-05-25 16:10:35', '0ec322f5-bd05-49d1-ab61-168a5ccf6d3b', 20);
insert into Article (articleId, articleTitleRef, publishedOn, articleContentRef, newspaperId) values (438, '9dac785f-4d8d-4453-8373-1993d8b513ff', '2020-02-11 01:54:38', 'e905f9c9-17d2-4f8c-b094-f10cbcc16843', 20);
insert into Article (articleId, articleTitleRef, publishedOn, articleContentRef, newspaperId) values (439, 'f2fec6a3-a6c7-45a0-a4d7-061776a8d08a', '2019-08-06 16:20:10', '77e62e0b-9968-4501-9f48-64aef17f40cd', 19);
insert into Article (articleId, articleTitleRef, publishedOn, articleContentRef, newspaperId) values (440, '83f1a5a6-a5c5-4a04-a5c2-3d8c00aab0cd', '2020-03-09 10:15:39', '1fd1f7bd-d00e-4277-8bd3-e9bc4aa0c6f6', 15);
insert into Article (articleId, articleTitleRef, publishedOn, articleContentRef, newspaperId) values (441, '89ad291b-8526-4f15-a26e-9ca4820668d8', '2020-03-02 04:45:40', '5abe5155-8794-481f-80b9-ff7f4adfce58', 13);
insert into Article (articleId, articleTitleRef, publishedOn, articleContentRef, newspaperId) values (442, '53395289-4495-4a6b-8628-31395dc7d17a', '2020-04-17 07:15:12', 'bb8e203a-17b8-4376-964a-915b38f703ca', 13);
insert into Article (articleId, articleTitleRef, publishedOn, articleContentRef, newspaperId) values (443, '9e254ce6-eb0e-4263-b16f-2009531c0861', '2019-10-10 01:41:40', 'd5cc28a9-b543-436f-9c76-ef88964394e0', 16);
insert into Article (articleId, articleTitleRef, publishedOn, articleContentRef, newspaperId) values (444, '709fedf6-d500-44cd-bce5-2912ae8eedcb', '2019-06-09 04:25:19', '08bcddae-32f4-4861-bfdf-749ec2fb4445', 10);
insert into Article (articleId, articleTitleRef, publishedOn, articleContentRef, newspaperId) values (445, '90dd6b88-992a-4623-912a-630cb414ecb5', '2020-01-23 01:23:20', '41bd3d28-31d5-4688-b921-036d3fb2d949', 17);
insert into Article (articleId, articleTitleRef, publishedOn, articleContentRef, newspaperId) values (446, 'e6d88125-ad85-45b6-aa01-dad8a4e8f6a1', '2019-09-03 09:31:48', '94442155-2fda-4a4e-b216-b7e0d4bc1246', 20);
insert into Article (articleId, articleTitleRef, publishedOn, articleContentRef, newspaperId) values (447, 'cea4f6b0-0fb3-4d9d-8e80-5800be18da51', '2020-02-24 18:49:48', '62d30206-3fa6-4e18-a484-5af22a86b2be', 3);
insert into Article (articleId, articleTitleRef, publishedOn, articleContentRef, newspaperId) values (448, '566b4e2f-28f1-423a-a9f9-cc97d2b0a4c3', '2020-02-14 15:53:19', 'c4c57e81-131f-4429-be96-ba149b28f8cb', 19);
insert into Article (articleId, articleTitleRef, publishedOn, articleContentRef, newspaperId) values (449, 'd701a9ca-e7ea-4617-ad5f-c9ab8581ab6a', '2019-07-24 23:16:54', 'bb3b032b-59e8-46ec-b131-00ca30b87802', 16);
insert into Article (articleId, articleTitleRef, publishedOn, articleContentRef, newspaperId) values (450, '53e38979-689b-4b29-a20e-6749e86cfc68', '2019-10-30 10:29:17', '5fb57613-f518-4def-b710-d6e2f97d8ffe', 9);





insert into Author (authorId, firstname, surname, specialization) values (1, 'Clarita', 'Clowney', 'Feature Writing');
insert into Author (authorId, firstname, surname, specialization) values (2, 'Maurise', 'Richarz', 'Investigative');
insert into Author (authorId, firstname, surname, specialization) values (3, 'Ciro', 'Beasleigh', 'Reviews');
insert into Author (authorId, firstname, surname, specialization) values (4, 'Pattie', 'Larciere', 'News');
insert into Author (authorId, firstname, surname, specialization) values (5, 'Demott', 'Martine', 'Investigative');
insert into Author (authorId, firstname, surname, specialization) values (6, 'Noelle', 'Addyman', 'Columns');
insert into Author (authorId, firstname, surname, specialization) values (7, 'Angelle', 'Bredee', 'News');
insert into Author (authorId, firstname, surname, specialization) values (8, 'Zedekiah', 'Ojeda', 'Reviews');
insert into Author (authorId, firstname, surname, specialization) values (9, 'Edwina', 'Hustler', 'News');
insert into Author (authorId, firstname, surname, specialization) values (10, 'Van', 'Ricioppo', 'Reviews');
insert into Author (authorId, firstname, surname, specialization) values (11, 'Kippie', 'Ainsbury', 'Columns');
insert into Author (authorId, firstname, surname, specialization) values (12, 'Ev', 'Semmens', 'Columns');
insert into Author (authorId, firstname, surname, specialization) values (13, 'Joyce', 'Camoletto', 'Columns');
insert into Author (authorId, firstname, surname, specialization) values (14, 'Herc', 'Bretherton', 'Investigative');
insert into Author (authorId, firstname, surname, specialization) values (15, 'Rubetta', 'Beig', 'Feature Writing');
insert into Author (authorId, firstname, surname, specialization) values (16, 'Aaron', 'Le Surf', 'Investigative');
insert into Author (authorId, firstname, surname, specialization) values (17, 'Loren', 'Austen', 'Feature Writing');
insert into Author (authorId, firstname, surname, specialization) values (18, 'Melantha', 'Alderman', 'News');
insert into Author (authorId, firstname, surname, specialization) values (19, 'Elena', 'Skentelbury', 'News');
insert into Author (authorId, firstname, surname, specialization) values (20, 'Rodolph', 'Peirpoint', 'Investigative');
insert into Author (authorId, firstname, surname, specialization) values (21, 'Leroi', 'Brandin', 'Feature Writing');
insert into Author (authorId, firstname, surname, specialization) values (22, 'Natale', 'Perell', 'Feature Writing');
insert into Author (authorId, firstname, surname, specialization) values (23, 'Lisa', 'Tozer', 'Investigative');
insert into Author (authorId, firstname, surname, specialization) values (24, 'Foster', 'Gounin', 'News');
insert into Author (authorId, firstname, surname, specialization) values (25, 'Carol-jean', 'Tremelling', 'Feature Writing');
insert into Author (authorId, firstname, surname, specialization) values (26, 'Kienan', 'Coogan', 'News');
insert into Author (authorId, firstname, surname, specialization) values (27, 'Hughie', 'Davidsson', 'Feature Writing');
insert into Author (authorId, firstname, surname, specialization) values (28, 'Blondell', 'Commin', 'Columns');
insert into Author (authorId, firstname, surname, specialization) values (29, 'Meagan', 'Riveles', 'Feature Writing');
insert into Author (authorId, firstname, surname, specialization) values (30, 'Felicia', 'Messruther', 'Feature Writing');
insert into Author (authorId, firstname, surname, specialization) values (31, 'Murdoch', 'Duthy', 'Reviews');
insert into Author (authorId, firstname, surname, specialization) values (32, 'Ruthann', 'Joubert', 'Investigative');
insert into Author (authorId, firstname, surname, specialization) values (33, 'Siana', 'Seagood', 'Columns');
insert into Author (authorId, firstname, surname, specialization) values (34, 'Corrina', 'Giorgetti', 'Feature Writing');
insert into Author (authorId, firstname, surname, specialization) values (35, 'Westbrooke', 'Finnes', 'Reviews');
insert into Author (authorId, firstname, surname, specialization) values (36, 'Julius', 'Yeowell', 'Columns');
insert into Author (authorId, firstname, surname, specialization) values (37, 'Jafirstname', 'McMonies', 'Investigative');
insert into Author (authorId, firstname, surname, specialization) values (38, 'Quintin', 'Cargo', 'Columns');
insert into Author (authorId, firstname, surname, specialization) values (39, 'Dorolisa', 'Welfair', 'News');
insert into Author (authorId, firstname, surname, specialization) values (40, 'Yvette', 'Ineson', 'Investigative');
insert into Author (authorId, firstname, surname, specialization) values (41, 'Ardelia', 'Allicock', 'Feature Writing');
insert into Author (authorId, firstname, surname, specialization) values (42, 'Ahmad', 'Niche', 'News');
insert into Author (authorId, firstname, surname, specialization) values (43, 'Frederique', 'Yakubovics', 'Investigative');
insert into Author (authorId, firstname, surname, specialization) values (44, 'Linea', 'Madgett', 'Investigative');
insert into Author (authorId, firstname, surname, specialization) values (45, 'Yehudi', 'MacIlriach', 'Columns');
insert into Author (authorId, firstname, surname, specialization) values (46, 'Emmaline', 'Thomasset', 'News');
insert into Author (authorId, firstname, surname, specialization) values (47, 'Em', 'Glyde', 'Columns');
insert into Author (authorId, firstname, surname, specialization) values (48, 'Zarla', 'Syne', 'Columns');
insert into Author (authorId, firstname, surname, specialization) values (49, 'Pammie', 'Bargh', 'Investigative');
insert into Author (authorId, firstname, surname, specialization) values (50, 'Gary', 'Hazlewood', 'Columns');
insert into Author (authorId, firstname, surname, specialization) values (51, 'Ruy', 'Bickerdyke', 'Investigative');
insert into Author (authorId, firstname, surname, specialization) values (52, 'Christa', 'Garford', 'Reviews');
insert into Author (authorId, firstname, surname, specialization) values (53, 'Carey', 'Kinzett', 'Reviews');
insert into Author (authorId, firstname, surname, specialization) values (54, 'Anny', 'Spofford', 'Feature Writing');
insert into Author (authorId, firstname, surname, specialization) values (55, 'Adiana', 'Cessford', 'Feature Writing');
insert into Author (authorId, firstname, surname, specialization) values (56, 'Dal', 'Hampe', 'Columns');
insert into Author (authorId, firstname, surname, specialization) values (57, 'Wildon', 'Walewski', 'News');
insert into Author (authorId, firstname, surname, specialization) values (58, 'Aviva', 'Leslie', 'Investigative');
insert into Author (authorId, firstname, surname, specialization) values (59, 'Dolph', 'Fitzsymons', 'News');
insert into Author (authorId, firstname, surname, specialization) values (60, 'Miner', 'Eronie', 'News');
insert into Author (authorId, firstname, surname, specialization) values (61, 'Claudian', 'Pauls', 'News');
insert into Author (authorId, firstname, surname, specialization) values (62, 'Deb', 'Croci', 'Feature Writing');
insert into Author (authorId, firstname, surname, specialization) values (63, 'Alexei', 'Grazier', 'Reviews');
insert into Author (authorId, firstname, surname, specialization) values (64, 'Jennifer', 'Mitkov', 'News');
insert into Author (authorId, firstname, surname, specialization) values (65, 'Thayne', 'Byron', 'News');
insert into Author (authorId, firstname, surname, specialization) values (66, 'Shelby', 'Lawlance', 'News');
insert into Author (authorId, firstname, surname, specialization) values (67, 'Carmita', 'Howison', 'Columns');
insert into Author (authorId, firstname, surname, specialization) values (68, 'Rosalia', 'Demer', 'Feature Writing');
insert into Author (authorId, firstname, surname, specialization) values (69, 'Dee', 'Maddyson', 'News');
insert into Author (authorId, firstname, surname, specialization) values (70, 'Sol', 'Borham', 'Columns');
insert into Author (authorId, firstname, surname, specialization) values (71, 'Kelbee', 'Rosenwasser', 'Reviews');
insert into Author (authorId, firstname, surname, specialization) values (72, 'Hermia', 'Tippell', 'Feature Writing');
insert into Author (authorId, firstname, surname, specialization) values (73, 'Aubert', 'Sydry', 'Reviews');
insert into Author (authorId, firstname, surname, specialization) values (74, 'Cesare', 'Shemilt', 'Reviews');
insert into Author (authorId, firstname, surname, specialization) values (75, 'Boris', 'Forth', 'News');
insert into Author (authorId, firstname, surname, specialization) values (76, 'Marjie', 'Kunze', 'Investigative');
insert into Author (authorId, firstname, surname, specialization) values (77, 'Monica', 'Kinch', 'Feature Writing');
insert into Author (authorId, firstname, surname, specialization) values (78, 'Lance', 'Titchmarsh', 'Feature Writing');
insert into Author (authorId, firstname, surname, specialization) values (79, 'Onida', 'Felderer', 'Columns');
insert into Author (authorId, firstname, surname, specialization) values (80, 'Thatcher', 'Stannus', 'News');
insert into Author (authorId, firstname, surname, specialization) values (81, 'Francesco', 'Wroath', 'Investigative');
insert into Author (authorId, firstname, surname, specialization) values (82, 'Garrick', 'Godney', 'Feature Writing');
insert into Author (authorId, firstname, surname, specialization) values (83, 'Nichols', 'Wickerson', 'Reviews');
insert into Author (authorId, firstname, surname, specialization) values (84, 'Misty', 'Grgic', 'News');
insert into Author (authorId, firstname, surname, specialization) values (85, 'Karmen', 'O''Drought', 'Feature Writing');
insert into Author (authorId, firstname, surname, specialization) values (86, 'Hanan', 'Gomery', 'Reviews');
insert into Author (authorId, firstname, surname, specialization) values (87, 'Broderick', 'Peagram', 'Columns');
insert into Author (authorId, firstname, surname, specialization) values (88, 'Briano', 'Kassman', 'Investigative');
insert into Author (authorId, firstname, surname, specialization) values (89, 'Noam', 'Brunger', 'News');
insert into Author (authorId, firstname, surname, specialization) values (90, 'Karlis', 'Martins', 'Investigative');
insert into Author (authorId, firstname, surname, specialization) values (91, 'Abraham', 'Ellar', 'News');
insert into Author (authorId, firstname, surname, specialization) values (92, 'Quintus', 'Fredi', 'News');
insert into Author (authorId, firstname, surname, specialization) values (93, 'Annabela', 'Bonanno', 'Reviews');
insert into Author (authorId, firstname, surname, specialization) values (94, 'Ashly', 'Dorow', 'Feature Writing');
insert into Author (authorId, firstname, surname, specialization) values (95, 'Ursala', 'Forton', 'Feature Writing');
insert into Author (authorId, firstname, surname, specialization) values (96, 'Rosemaria', 'Goldstone', 'Columns');
insert into Author (authorId, firstname, surname, specialization) values (97, 'Corrianne', 'Hendrich', 'Feature Writing');
insert into Author (authorId, firstname, surname, specialization) values (98, 'Kathye', 'Azemar', 'Reviews');
insert into Author (authorId, firstname, surname, specialization) values (99, 'Nathan', 'Taylder', 'Columns');
insert into Author (authorId, firstname, surname, specialization) values (100, 'Devina', 'Wainscot', 'Reviews');
insert into Author (authorId, firstname, surname, specialization) values (101, 'Man', 'Monckman', 'Investigative');
insert into Author (authorId, firstname, surname, specialization) values (102, 'Kai', 'Bidewell', 'News');
insert into Author (authorId, firstname, surname, specialization) values (103, 'Ninette', 'Kintzel', 'Investigative');
insert into Author (authorId, firstname, surname, specialization) values (104, 'Clarey', 'Coraini', 'News');
insert into Author (authorId, firstname, surname, specialization) values (105, 'Tracey', 'Tohill', 'News');
insert into Author (authorId, firstname, surname, specialization) values (106, 'Emanuel', 'Cossor', 'Feature Writing');
insert into Author (authorId, firstname, surname, specialization) values (107, 'Ebenezer', 'Buffey', 'Reviews');
insert into Author (authorId, firstname, surname, specialization) values (108, 'Tammy', 'Swindells', 'Feature Writing');
insert into Author (authorId, firstname, surname, specialization) values (109, 'Dorolisa', 'Tompkinson', 'Investigative');
insert into Author (authorId, firstname, surname, specialization) values (110, 'Suzy', 'Padginton', 'Investigative');
insert into Author (authorId, firstname, surname, specialization) values (111, 'Clemmie', 'Jakolevitch', 'Columns');
insert into Author (authorId, firstname, surname, specialization) values (112, 'Fleurette', 'Sirmon', 'Reviews');
insert into Author (authorId, firstname, surname, specialization) values (113, 'Jeniece', 'Pearson', 'Reviews');
insert into Author (authorId, firstname, surname, specialization) values (114, 'Nicoli', 'Castaneda', 'Feature Writing');
insert into Author (authorId, firstname, surname, specialization) values (115, 'Barrie', 'Karolyi', 'Reviews');
insert into Author (authorId, firstname, surname, specialization) values (116, 'Evanne', 'Pettet', 'Investigative');
insert into Author (authorId, firstname, surname, specialization) values (117, 'Adda', 'Devine', 'Reviews');
insert into Author (authorId, firstname, surname, specialization) values (118, 'Jaime', 'Dran', 'Columns');
insert into Author (authorId, firstname, surname, specialization) values (119, 'Casar', 'Petrushka', 'Columns');
insert into Author (authorId, firstname, surname, specialization) values (120, 'Gaylor', 'Kornousek', 'Investigative');
insert into Author (authorId, firstname, surname, specialization) values (121, 'Arliene', 'Langthorne', 'Columns');
insert into Author (authorId, firstname, surname, specialization) values (122, 'Jermain', 'Gantlett', 'News');
insert into Author (authorId, firstname, surname, specialization) values (123, 'Sigfrid', 'Webster', 'Columns');
insert into Author (authorId, firstname, surname, specialization) values (124, 'Corinna', 'Mongain', 'Investigative');
insert into Author (authorId, firstname, surname, specialization) values (125, 'Burg', 'Wickliffe', 'Reviews');
insert into Author (authorId, firstname, surname, specialization) values (126, 'Corella', 'Ranshaw', 'Reviews');
insert into Author (authorId, firstname, surname, specialization) values (127, 'Etty', 'Feather', 'Investigative');
insert into Author (authorId, firstname, surname, specialization) values (128, 'Stevy', 'Tuffin', 'Feature Writing');
insert into Author (authorId, firstname, surname, specialization) values (129, 'Romonda', 'MacCarter', 'Investigative');
insert into Author (authorId, firstname, surname, specialization) values (130, 'Rita', 'Bonifant', 'Feature Writing');
insert into Author (authorId, firstname, surname, specialization) values (131, 'Caralie', 'Philipsson', 'Reviews');
insert into Author (authorId, firstname, surname, specialization) values (132, 'Alaric', 'Scotchmoor', 'Feature Writing');
insert into Author (authorId, firstname, surname, specialization) values (133, 'Cami', 'MacCague', 'News');
insert into Author (authorId, firstname, surname, specialization) values (134, 'Doy', 'Brunning', 'News');
insert into Author (authorId, firstname, surname, specialization) values (135, 'Lamar', 'Hardiman', 'Columns');
insert into Author (authorId, firstname, surname, specialization) values (136, 'Godwin', 'Rosewell', 'Investigative');
insert into Author (authorId, firstname, surname, specialization) values (137, 'Loleta', 'Clemencon', 'Investigative');
insert into Author (authorId, firstname, surname, specialization) values (138, 'Manolo', 'Yakhin', 'Columns');
insert into Author (authorId, firstname, surname, specialization) values (139, 'Ania', 'Iacabucci', 'News');
insert into Author (authorId, firstname, surname, specialization) values (140, 'Kippy', 'Beceril', 'News');
insert into Author (authorId, firstname, surname, specialization) values (141, 'Tessie', 'Mordacai', 'News');
insert into Author (authorId, firstname, surname, specialization) values (142, 'Tremayne', 'Frunks', 'Columns');
insert into Author (authorId, firstname, surname, specialization) values (143, 'Chalmers', 'Leah', 'Feature Writing');
insert into Author (authorId, firstname, surname, specialization) values (144, 'Yancy', 'Riccardi', 'Feature Writing');
insert into Author (authorId, firstname, surname, specialization) values (145, 'Maisey', 'Dearan', 'Columns');
insert into Author (authorId, firstname, surname, specialization) values (146, 'Mellisent', 'Rimmington', 'News');
insert into Author (authorId, firstname, surname, specialization) values (147, 'Shelby', 'Aynsley', 'Reviews');
insert into Author (authorId, firstname, surname, specialization) values (148, 'Lea', 'Rouby', 'Investigative');
insert into Author (authorId, firstname, surname, specialization) values (149, 'Dan', 'Shipsey', 'Feature Writing');
insert into Author (authorId, firstname, surname, specialization) values (150, 'Kevina', 'Duferie', 'Reviews');





insert into Source (sourceId, sourceType, sourceName) values (1, 'informal', 'event witnesses');
insert into Source (sourceId, sourceType, sourceName) values (2, 'informal', 'own contacts');
insert into Source (sourceId, sourceType, sourceName) values (3, 'informal', 'unofficial commentators');
insert into Source (sourceId, sourceType, sourceName) values (4, 'informal', 'redactors colleagues');
insert into Source (sourceId, sourceType, sourceName) values (5, 'informal', 'informal notes');
insert into Source (sourceId, sourceType, sourceName) values (6, 'informal', 'observations');
insert into Source (sourceId, sourceType, sourceName) values (7, 'formal', 'historical documents');
insert into Source (sourceId, sourceType, sourceName) values (8, 'formal', 'newsletters');
insert into Source (sourceId, sourceType, sourceName) values (9, 'formal', 'invitations');
insert into Source (sourceId, sourceType, sourceName) values (10, 'formal', 'studies');
insert into Source (sourceId, sourceType, sourceName) values (11, 'formal', 'public opinion leaders');
insert into Source (sourceId, sourceType, sourceName) values (12, 'formal', 'expert');
insert into Source (sourceId, sourceType, sourceName) values (13, 'formal', 'news agency');
insert into Source (sourceId, sourceType, sourceName) values (14, 'formal', 'spokespersons');
insert into Source (sourceId, sourceType, sourceName) values (15, 'formal', 'television agency');
insert into Source (sourceId, sourceType, sourceName) values (16, 'formal', 'other media reports');
insert into Source (sourceId, sourceType, sourceName) values (17, 'formal', 'official documents');
insert into Source (sourceId, sourceType, sourceName) values (18, 'formal', 'commentators');
insert into Source (sourceId, sourceType, sourceName) values (19, 'formal', 'archival resources');
insert into Source (sourceId, sourceType, sourceName) values (20, 'formal', 'materials of press conferences');



insert into Category (categoryId, categoryName) values (1, 'News');
insert into Category (categoryId, categoryName) values (2, 'Sport');
insert into Category (categoryId, categoryName) values (3, 'Technology');
insert into Category (categoryId, categoryName) values (4, 'Health');
insert into Category (categoryId, categoryName) values (5, 'People');
insert into Category (categoryId, categoryName) values (6, 'Automotive');
insert into Category (categoryId, categoryName) values (7, 'World');
insert into Category (categoryId, categoryName) values (8, 'Local');
insert into Category (categoryId, categoryName) values (9, 'Exchange');
insert into Category (categoryId, categoryName) values (10, 'Agriculture');
insert into Category (categoryId, categoryName) values (11, 'Finances');
insert into Category (categoryId, categoryName) values (12, 'Home');
insert into Category (categoryId, categoryName) values (13, 'Nature');
insert into Category (categoryId, categoryName) values (14, 'TV');
insert into Category (categoryId, categoryName) values (15, 'Opinion');
insert into Category (categoryId, categoryName) values (16, 'Medicine');
insert into Category (categoryId, categoryName) values (17, 'Investments');
insert into Category (categoryId, categoryName) values (18, 'Work');
insert into Category (categoryId, categoryName) values (19, 'Gossip');
insert into Category (categoryId, categoryName) values (20, 'Politics');





insert ignore into Article_has_Author (articleId, authorId) values (146, 1);
insert ignore into Article_has_Author (articleId, authorId) values (239, 105);
insert ignore into Article_has_Author (articleId, authorId) values (260, 26);
insert ignore into Article_has_Author (articleId, authorId) values (56, 54);
insert ignore into Article_has_Author (articleId, authorId) values (154, 60);
insert ignore into Article_has_Author (articleId, authorId) values (7, 83);
insert ignore into Article_has_Author (articleId, authorId) values (60, 65);
insert ignore into Article_has_Author (articleId, authorId) values (232, 103);
insert ignore into Article_has_Author (articleId, authorId) values (208, 83);
insert ignore into Article_has_Author (articleId, authorId) values (186, 94);
insert ignore into Article_has_Author (articleId, authorId) values (182, 29);
insert ignore into Article_has_Author (articleId, authorId) values (59, 84);
insert ignore into Article_has_Author (articleId, authorId) values (307, 3);
insert ignore into Article_has_Author (articleId, authorId) values (399, 100);
insert ignore into Article_has_Author (articleId, authorId) values (345, 131);
insert ignore into Article_has_Author (articleId, authorId) values (311, 5);
insert ignore into Article_has_Author (articleId, authorId) values (241, 44);
insert ignore into Article_has_Author (articleId, authorId) values (286, 71);
insert ignore into Article_has_Author (articleId, authorId) values (21, 123);
insert ignore into Article_has_Author (articleId, authorId) values (287, 18);
insert ignore into Article_has_Author (articleId, authorId) values (405, 22);
insert ignore into Article_has_Author (articleId, authorId) values (135, 11);
insert ignore into Article_has_Author (articleId, authorId) values (25, 124);
insert ignore into Article_has_Author (articleId, authorId) values (103, 116);
insert ignore into Article_has_Author (articleId, authorId) values (411, 59);
insert ignore into Article_has_Author (articleId, authorId) values (140, 115);
insert ignore into Article_has_Author (articleId, authorId) values (64, 100);
insert ignore into Article_has_Author (articleId, authorId) values (380, 6);
insert ignore into Article_has_Author (articleId, authorId) values (313, 119);
insert ignore into Article_has_Author (articleId, authorId) values (282, 147);
insert ignore into Article_has_Author (articleId, authorId) values (255, 1);
insert ignore into Article_has_Author (articleId, authorId) values (377, 143);
insert ignore into Article_has_Author (articleId, authorId) values (430, 13);
insert ignore into Article_has_Author (articleId, authorId) values (95, 43);
insert ignore into Article_has_Author (articleId, authorId) values (283, 46);
insert ignore into Article_has_Author (articleId, authorId) values (123, 28);
insert ignore into Article_has_Author (articleId, authorId) values (328, 139);
insert ignore into Article_has_Author (articleId, authorId) values (39, 113);
insert ignore into Article_has_Author (articleId, authorId) values (396, 11);
insert ignore into Article_has_Author (articleId, authorId) values (211, 105);
insert ignore into Article_has_Author (articleId, authorId) values (188, 82);
insert ignore into Article_has_Author (articleId, authorId) values (106, 83);
insert ignore into Article_has_Author (articleId, authorId) values (290, 60);
insert ignore into Article_has_Author (articleId, authorId) values (174, 24);
insert ignore into Article_has_Author (articleId, authorId) values (159, 89);
insert ignore into Article_has_Author (articleId, authorId) values (88, 53);
insert ignore into Article_has_Author (articleId, authorId) values (194, 99);
insert ignore into Article_has_Author (articleId, authorId) values (273, 109);
insert ignore into Article_has_Author (articleId, authorId) values (44, 12);
insert ignore into Article_has_Author (articleId, authorId) values (109, 69);
insert ignore into Article_has_Author (articleId, authorId) values (427, 129);
insert ignore into Article_has_Author (articleId, authorId) values (373, 11);
insert ignore into Article_has_Author (articleId, authorId) values (15, 53);
insert ignore into Article_has_Author (articleId, authorId) values (279, 31);
insert ignore into Article_has_Author (articleId, authorId) values (46, 38);
insert ignore into Article_has_Author (articleId, authorId) values (54, 150);
insert ignore into Article_has_Author (articleId, authorId) values (234, 60);
insert ignore into Article_has_Author (articleId, authorId) values (23, 22);
insert ignore into Article_has_Author (articleId, authorId) values (441, 57);
insert ignore into Article_has_Author (articleId, authorId) values (5, 90);
insert ignore into Article_has_Author (articleId, authorId) values (233, 40);
insert ignore into Article_has_Author (articleId, authorId) values (353, 101);
insert ignore into Article_has_Author (articleId, authorId) values (440, 127);
insert ignore into Article_has_Author (articleId, authorId) values (3, 13);
insert ignore into Article_has_Author (articleId, authorId) values (5, 135);
insert ignore into Article_has_Author (articleId, authorId) values (43, 5);
insert ignore into Article_has_Author (articleId, authorId) values (319, 132);
insert ignore into Article_has_Author (articleId, authorId) values (332, 147);
insert ignore into Article_has_Author (articleId, authorId) values (432, 73);
insert ignore into Article_has_Author (articleId, authorId) values (34, 33);
insert ignore into Article_has_Author (articleId, authorId) values (344, 66);
insert ignore into Article_has_Author (articleId, authorId) values (198, 92);
insert ignore into Article_has_Author (articleId, authorId) values (195, 103);
insert ignore into Article_has_Author (articleId, authorId) values (50, 81);
insert ignore into Article_has_Author (articleId, authorId) values (65, 44);
insert ignore into Article_has_Author (articleId, authorId) values (306, 69);
insert ignore into Article_has_Author (articleId, authorId) values (413, 121);
insert ignore into Article_has_Author (articleId, authorId) values (208, 72);
insert ignore into Article_has_Author (articleId, authorId) values (397, 18);
insert ignore into Article_has_Author (articleId, authorId) values (328, 143);
insert ignore into Article_has_Author (articleId, authorId) values (263, 67);
insert ignore into Article_has_Author (articleId, authorId) values (442, 132);
insert ignore into Article_has_Author (articleId, authorId) values (299, 144);
insert ignore into Article_has_Author (articleId, authorId) values (196, 5);
insert ignore into Article_has_Author (articleId, authorId) values (336, 102);
insert ignore into Article_has_Author (articleId, authorId) values (297, 72);
insert ignore into Article_has_Author (articleId, authorId) values (320, 111);
insert ignore into Article_has_Author (articleId, authorId) values (414, 143);
insert ignore into Article_has_Author (articleId, authorId) values (304, 71);
insert ignore into Article_has_Author (articleId, authorId) values (258, 15);
insert ignore into Article_has_Author (articleId, authorId) values (132, 89);
insert ignore into Article_has_Author (articleId, authorId) values (67, 26);
insert ignore into Article_has_Author (articleId, authorId) values (186, 21);
insert ignore into Article_has_Author (articleId, authorId) values (112, 50);
insert ignore into Article_has_Author (articleId, authorId) values (263, 99);
insert ignore into Article_has_Author (articleId, authorId) values (47, 1);
insert ignore into Article_has_Author (articleId, authorId) values (114, 20);
insert ignore into Article_has_Author (articleId, authorId) values (361, 147);
insert ignore into Article_has_Author (articleId, authorId) values (123, 118);
insert ignore into Article_has_Author (articleId, authorId) values (354, 117);
insert ignore into Article_has_Author (articleId, authorId) values (193, 10);
insert ignore into Article_has_Author (articleId, authorId) values (429, 98);
insert ignore into Article_has_Author (articleId, authorId) values (289, 91);
insert ignore into Article_has_Author (articleId, authorId) values (37, 18);
insert ignore into Article_has_Author (articleId, authorId) values (90, 115);
insert ignore into Article_has_Author (articleId, authorId) values (66, 40);
insert ignore into Article_has_Author (articleId, authorId) values (302, 117);
insert ignore into Article_has_Author (articleId, authorId) values (297, 44);
insert ignore into Article_has_Author (articleId, authorId) values (204, 97);
insert ignore into Article_has_Author (articleId, authorId) values (244, 8);
insert ignore into Article_has_Author (articleId, authorId) values (284, 95);
insert ignore into Article_has_Author (articleId, authorId) values (60, 76);
insert ignore into Article_has_Author (articleId, authorId) values (201, 88);
insert ignore into Article_has_Author (articleId, authorId) values (14, 43);
insert ignore into Article_has_Author (articleId, authorId) values (409, 65);
insert ignore into Article_has_Author (articleId, authorId) values (443, 133);
insert ignore into Article_has_Author (articleId, authorId) values (410, 114);
insert ignore into Article_has_Author (articleId, authorId) values (27, 122);
insert ignore into Article_has_Author (articleId, authorId) values (312, 39);
insert ignore into Article_has_Author (articleId, authorId) values (77, 6);
insert ignore into Article_has_Author (articleId, authorId) values (283, 111);
insert ignore into Article_has_Author (articleId, authorId) values (157, 82);
insert ignore into Article_has_Author (articleId, authorId) values (259, 13);
insert ignore into Article_has_Author (articleId, authorId) values (396, 32);
insert ignore into Article_has_Author (articleId, authorId) values (190, 95);
insert ignore into Article_has_Author (articleId, authorId) values (236, 8);
insert ignore into Article_has_Author (articleId, authorId) values (262, 21);
insert ignore into Article_has_Author (articleId, authorId) values (136, 136);
insert ignore into Article_has_Author (articleId, authorId) values (368, 130);
insert ignore into Article_has_Author (articleId, authorId) values (352, 129);
insert ignore into Article_has_Author (articleId, authorId) values (354, 71);
insert ignore into Article_has_Author (articleId, authorId) values (375, 121);
insert ignore into Article_has_Author (articleId, authorId) values (296, 138);
insert ignore into Article_has_Author (articleId, authorId) values (228, 88);
insert ignore into Article_has_Author (articleId, authorId) values (207, 149);
insert ignore into Article_has_Author (articleId, authorId) values (368, 3);
insert ignore into Article_has_Author (articleId, authorId) values (133, 104);
insert ignore into Article_has_Author (articleId, authorId) values (394, 45);
insert ignore into Article_has_Author (articleId, authorId) values (266, 40);
insert ignore into Article_has_Author (articleId, authorId) values (303, 130);
insert ignore into Article_has_Author (articleId, authorId) values (299, 46);
insert ignore into Article_has_Author (articleId, authorId) values (77, 53);
insert ignore into Article_has_Author (articleId, authorId) values (314, 57);
insert ignore into Article_has_Author (articleId, authorId) values (117, 51);
insert ignore into Article_has_Author (articleId, authorId) values (71, 117);
insert ignore into Article_has_Author (articleId, authorId) values (286, 51);
insert ignore into Article_has_Author (articleId, authorId) values (246, 40);
insert ignore into Article_has_Author (articleId, authorId) values (198, 136);
insert ignore into Article_has_Author (articleId, authorId) values (318, 94);
insert ignore into Article_has_Author (articleId, authorId) values (439, 70);
insert ignore into Article_has_Author (articleId, authorId) values (401, 54);
insert ignore into Article_has_Author (articleId, authorId) values (180, 17);
insert ignore into Article_has_Author (articleId, authorId) values (157, 11);
insert ignore into Article_has_Author (articleId, authorId) values (399, 32);
insert ignore into Article_has_Author (articleId, authorId) values (440, 36);
insert ignore into Article_has_Author (articleId, authorId) values (85, 58);
insert ignore into Article_has_Author (articleId, authorId) values (288, 25);
insert ignore into Article_has_Author (articleId, authorId) values (429, 73);
insert ignore into Article_has_Author (articleId, authorId) values (79, 34);
insert ignore into Article_has_Author (articleId, authorId) values (323, 26);
insert ignore into Article_has_Author (articleId, authorId) values (315, 23);
insert ignore into Article_has_Author (articleId, authorId) values (45, 49);
insert ignore into Article_has_Author (articleId, authorId) values (44, 37);
insert ignore into Article_has_Author (articleId, authorId) values (9, 71);
insert ignore into Article_has_Author (articleId, authorId) values (320, 122);
insert ignore into Article_has_Author (articleId, authorId) values (249, 112);
insert ignore into Article_has_Author (articleId, authorId) values (111, 70);
insert ignore into Article_has_Author (articleId, authorId) values (319, 56);
insert ignore into Article_has_Author (articleId, authorId) values (277, 115);
insert ignore into Article_has_Author (articleId, authorId) values (93, 147);
insert ignore into Article_has_Author (articleId, authorId) values (126, 112);
insert ignore into Article_has_Author (articleId, authorId) values (159, 25);
insert ignore into Article_has_Author (articleId, authorId) values (188, 55);
insert ignore into Article_has_Author (articleId, authorId) values (385, 13);
insert ignore into Article_has_Author (articleId, authorId) values (78, 137);
insert ignore into Article_has_Author (articleId, authorId) values (423, 29);
insert ignore into Article_has_Author (articleId, authorId) values (40, 21);
insert ignore into Article_has_Author (articleId, authorId) values (286, 97);
insert ignore into Article_has_Author (articleId, authorId) values (3, 6);
insert ignore into Article_has_Author (articleId, authorId) values (151, 44);
insert ignore into Article_has_Author (articleId, authorId) values (218, 20);
insert ignore into Article_has_Author (articleId, authorId) values (268, 84);
insert ignore into Article_has_Author (articleId, authorId) values (374, 36);
insert ignore into Article_has_Author (articleId, authorId) values (139, 64);
insert ignore into Article_has_Author (articleId, authorId) values (78, 115);
insert ignore into Article_has_Author (articleId, authorId) values (426, 48);
insert ignore into Article_has_Author (articleId, authorId) values (380, 118);
insert ignore into Article_has_Author (articleId, authorId) values (260, 96);
insert ignore into Article_has_Author (articleId, authorId) values (121, 90);
insert ignore into Article_has_Author (articleId, authorId) values (339, 127);
insert ignore into Article_has_Author (articleId, authorId) values (304, 28);
insert ignore into Article_has_Author (articleId, authorId) values (5, 102);
insert ignore into Article_has_Author (articleId, authorId) values (221, 103);
insert ignore into Article_has_Author (articleId, authorId) values (28, 33);
insert ignore into Article_has_Author (articleId, authorId) values (197, 132);
insert ignore into Article_has_Author (articleId, authorId) values (208, 147);
insert ignore into Article_has_Author (articleId, authorId) values (313, 50);
insert ignore into Article_has_Author (articleId, authorId) values (63, 21);
insert ignore into Article_has_Author (articleId, authorId) values (301, 43);
insert ignore into Article_has_Author (articleId, authorId) values (161, 17);
insert ignore into Article_has_Author (articleId, authorId) values (56, 66);
insert ignore into Article_has_Author (articleId, authorId) values (165, 128);
insert ignore into Article_has_Author (articleId, authorId) values (210, 136);
insert ignore into Article_has_Author (articleId, authorId) values (101, 10);
insert ignore into Article_has_Author (articleId, authorId) values (207, 112);
insert ignore into Article_has_Author (articleId, authorId) values (197, 130);
insert ignore into Article_has_Author (articleId, authorId) values (430, 36);
insert ignore into Article_has_Author (articleId, authorId) values (20, 82);
insert ignore into Article_has_Author (articleId, authorId) values (222, 49);
insert ignore into Article_has_Author (articleId, authorId) values (388, 130);
insert ignore into Article_has_Author (articleId, authorId) values (439, 53);
insert ignore into Article_has_Author (articleId, authorId) values (203, 1);
insert ignore into Article_has_Author (articleId, authorId) values (235, 64);
insert ignore into Article_has_Author (articleId, authorId) values (62, 81);
insert ignore into Article_has_Author (articleId, authorId) values (200, 18);
insert ignore into Article_has_Author (articleId, authorId) values (99, 50);
insert ignore into Article_has_Author (articleId, authorId) values (394, 70);
insert ignore into Article_has_Author (articleId, authorId) values (276, 116);
insert ignore into Article_has_Author (articleId, authorId) values (449, 107);
insert ignore into Article_has_Author (articleId, authorId) values (410, 40);
insert ignore into Article_has_Author (articleId, authorId) values (197, 80);
insert ignore into Article_has_Author (articleId, authorId) values (20, 33);
insert ignore into Article_has_Author (articleId, authorId) values (395, 81);
insert ignore into Article_has_Author (articleId, authorId) values (218, 9);
insert ignore into Article_has_Author (articleId, authorId) values (380, 134);
insert ignore into Article_has_Author (articleId, authorId) values (171, 128);
insert ignore into Article_has_Author (articleId, authorId) values (396, 107);
insert ignore into Article_has_Author (articleId, authorId) values (58, 45);
insert ignore into Article_has_Author (articleId, authorId) values (423, 90);
insert ignore into Article_has_Author (articleId, authorId) values (285, 103);
insert ignore into Article_has_Author (articleId, authorId) values (114, 79);
insert ignore into Article_has_Author (articleId, authorId) values (88, 108);
insert ignore into Article_has_Author (articleId, authorId) values (39, 85);
insert ignore into Article_has_Author (articleId, authorId) values (268, 93);
insert ignore into Article_has_Author (articleId, authorId) values (48, 78);
insert ignore into Article_has_Author (articleId, authorId) values (28, 112);
insert ignore into Article_has_Author (articleId, authorId) values (205, 110);
insert ignore into Article_has_Author (articleId, authorId) values (144, 95);
insert ignore into Article_has_Author (articleId, authorId) values (237, 134);
insert ignore into Article_has_Author (articleId, authorId) values (1, 79);
insert ignore into Article_has_Author (articleId, authorId) values (8, 15);
insert ignore into Article_has_Author (articleId, authorId) values (308, 116);
insert ignore into Article_has_Author (articleId, authorId) values (359, 46);
insert ignore into Article_has_Author (articleId, authorId) values (198, 49);
insert ignore into Article_has_Author (articleId, authorId) values (156, 72);
insert ignore into Article_has_Author (articleId, authorId) values (152, 116);
insert ignore into Article_has_Author (articleId, authorId) values (350, 40);
insert ignore into Article_has_Author (articleId, authorId) values (371, 148);
insert ignore into Article_has_Author (articleId, authorId) values (417, 133);
insert ignore into Article_has_Author (articleId, authorId) values (417, 142);
insert ignore into Article_has_Author (articleId, authorId) values (450, 10);
insert ignore into Article_has_Author (articleId, authorId) values (273, 39);
insert ignore into Article_has_Author (articleId, authorId) values (442, 7);
insert ignore into Article_has_Author (articleId, authorId) values (364, 130);
insert ignore into Article_has_Author (articleId, authorId) values (383, 110);
insert ignore into Article_has_Author (articleId, authorId) values (350, 14);
insert ignore into Article_has_Author (articleId, authorId) values (172, 148);
insert ignore into Article_has_Author (articleId, authorId) values (274, 104);
insert ignore into Article_has_Author (articleId, authorId) values (262, 98);
insert ignore into Article_has_Author (articleId, authorId) values (261, 93);
insert ignore into Article_has_Author (articleId, authorId) values (39, 78);
insert ignore into Article_has_Author (articleId, authorId) values (153, 11);
insert ignore into Article_has_Author (articleId, authorId) values (296, 53);
insert ignore into Article_has_Author (articleId, authorId) values (225, 17);
insert ignore into Article_has_Author (articleId, authorId) values (179, 39);
insert ignore into Article_has_Author (articleId, authorId) values (213, 81);
insert ignore into Article_has_Author (articleId, authorId) values (113, 37);
insert ignore into Article_has_Author (articleId, authorId) values (5, 147);
insert ignore into Article_has_Author (articleId, authorId) values (434, 57);
insert ignore into Article_has_Author (articleId, authorId) values (101, 46);
insert ignore into Article_has_Author (articleId, authorId) values (48, 48);
insert ignore into Article_has_Author (articleId, authorId) values (147, 112);
insert ignore into Article_has_Author (articleId, authorId) values (59, 106);
insert ignore into Article_has_Author (articleId, authorId) values (278, 72);
insert ignore into Article_has_Author (articleId, authorId) values (186, 12);
insert ignore into Article_has_Author (articleId, authorId) values (40, 61);
insert ignore into Article_has_Author (articleId, authorId) values (101, 110);
insert ignore into Article_has_Author (articleId, authorId) values (93, 58);
insert ignore into Article_has_Author (articleId, authorId) values (91, 146);
insert ignore into Article_has_Author (articleId, authorId) values (8, 7);
insert ignore into Article_has_Author (articleId, authorId) values (147, 142);
insert ignore into Article_has_Author (articleId, authorId) values (262, 132);
insert ignore into Article_has_Author (articleId, authorId) values (54, 51);
insert ignore into Article_has_Author (articleId, authorId) values (356, 25);
insert ignore into Article_has_Author (articleId, authorId) values (410, 110);
insert ignore into Article_has_Author (articleId, authorId) values (83, 42);
insert ignore into Article_has_Author (articleId, authorId) values (50, 49);
insert ignore into Article_has_Author (articleId, authorId) values (434, 114);
insert ignore into Article_has_Author (articleId, authorId) values (330, 82);
insert ignore into Article_has_Author (articleId, authorId) values (414, 132);
insert ignore into Article_has_Author (articleId, authorId) values (183, 67);
insert ignore into Article_has_Author (articleId, authorId) values (392, 6);
insert ignore into Article_has_Author (articleId, authorId) values (22, 51);
insert ignore into Article_has_Author (articleId, authorId) values (287, 12);
insert ignore into Article_has_Author (articleId, authorId) values (262, 124);
insert ignore into Article_has_Author (articleId, authorId) values (14, 53);
insert ignore into Article_has_Author (articleId, authorId) values (335, 25);
insert ignore into Article_has_Author (articleId, authorId) values (224, 67);
insert ignore into Article_has_Author (articleId, authorId) values (72, 82);
insert ignore into Article_has_Author (articleId, authorId) values (295, 75);
insert ignore into Article_has_Author (articleId, authorId) values (399, 74);
insert ignore into Article_has_Author (articleId, authorId) values (301, 88);
insert ignore into Article_has_Author (articleId, authorId) values (134, 135);
insert ignore into Article_has_Author (articleId, authorId) values (373, 58);
insert ignore into Article_has_Author (articleId, authorId) values (389, 55);
insert ignore into Article_has_Author (articleId, authorId) values (56, 27);
insert ignore into Article_has_Author (articleId, authorId) values (136, 18);
insert ignore into Article_has_Author (articleId, authorId) values (432, 78);
insert ignore into Article_has_Author (articleId, authorId) values (414, 85);
insert ignore into Article_has_Author (articleId, authorId) values (384, 116);
insert ignore into Article_has_Author (articleId, authorId) values (253, 11);
insert ignore into Article_has_Author (articleId, authorId) values (269, 119);
insert ignore into Article_has_Author (articleId, authorId) values (222, 139);
insert ignore into Article_has_Author (articleId, authorId) values (111, 23);
insert ignore into Article_has_Author (articleId, authorId) values (375, 60);
insert ignore into Article_has_Author (articleId, authorId) values (251, 24);
insert ignore into Article_has_Author (articleId, authorId) values (254, 105);
insert ignore into Article_has_Author (articleId, authorId) values (165, 79);
insert ignore into Article_has_Author (articleId, authorId) values (139, 32);
insert ignore into Article_has_Author (articleId, authorId) values (294, 94);
insert ignore into Article_has_Author (articleId, authorId) values (253, 1);
insert ignore into Article_has_Author (articleId, authorId) values (172, 140);
insert ignore into Article_has_Author (articleId, authorId) values (241, 99);
insert ignore into Article_has_Author (articleId, authorId) values (113, 109);
insert ignore into Article_has_Author (articleId, authorId) values (260, 45);
insert ignore into Article_has_Author (articleId, authorId) values (36, 86);
insert ignore into Article_has_Author (articleId, authorId) values (161, 12);
insert ignore into Article_has_Author (articleId, authorId) values (348, 38);
insert ignore into Article_has_Author (articleId, authorId) values (107, 55);
insert ignore into Article_has_Author (articleId, authorId) values (252, 129);
insert ignore into Article_has_Author (articleId, authorId) values (358, 32);
insert ignore into Article_has_Author (articleId, authorId) values (442, 132);
insert ignore into Article_has_Author (articleId, authorId) values (416, 83);
insert ignore into Article_has_Author (articleId, authorId) values (209, 124);
insert ignore into Article_has_Author (articleId, authorId) values (227, 57);
insert ignore into Article_has_Author (articleId, authorId) values (195, 51);
insert ignore into Article_has_Author (articleId, authorId) values (443, 21);
insert ignore into Article_has_Author (articleId, authorId) values (336, 10);
insert ignore into Article_has_Author (articleId, authorId) values (61, 101);
insert ignore into Article_has_Author (articleId, authorId) values (155, 49);
insert ignore into Article_has_Author (articleId, authorId) values (50, 131);
insert ignore into Article_has_Author (articleId, authorId) values (287, 48);
insert ignore into Article_has_Author (articleId, authorId) values (404, 32);
insert ignore into Article_has_Author (articleId, authorId) values (329, 112);
insert ignore into Article_has_Author (articleId, authorId) values (29, 76);
insert ignore into Article_has_Author (articleId, authorId) values (362, 99);
insert ignore into Article_has_Author (articleId, authorId) values (49, 85);
insert ignore into Article_has_Author (articleId, authorId) values (344, 115);
insert ignore into Article_has_Author (articleId, authorId) values (44, 44);
insert ignore into Article_has_Author (articleId, authorId) values (349, 67);
insert ignore into Article_has_Author (articleId, authorId) values (426, 36);
insert ignore into Article_has_Author (articleId, authorId) values (34, 11);
insert ignore into Article_has_Author (articleId, authorId) values (118, 89);
insert ignore into Article_has_Author (articleId, authorId) values (301, 71);
insert ignore into Article_has_Author (articleId, authorId) values (382, 85);
insert ignore into Article_has_Author (articleId, authorId) values (279, 83);
insert ignore into Article_has_Author (articleId, authorId) values (285, 37);
insert ignore into Article_has_Author (articleId, authorId) values (257, 88);
insert ignore into Article_has_Author (articleId, authorId) values (105, 62);
insert ignore into Article_has_Author (articleId, authorId) values (272, 128);
insert ignore into Article_has_Author (articleId, authorId) values (366, 15);
insert ignore into Article_has_Author (articleId, authorId) values (276, 36);
insert ignore into Article_has_Author (articleId, authorId) values (245, 62);
insert ignore into Article_has_Author (articleId, authorId) values (381, 111);
insert ignore into Article_has_Author (articleId, authorId) values (189, 136);
insert ignore into Article_has_Author (articleId, authorId) values (204, 149);
insert ignore into Article_has_Author (articleId, authorId) values (89, 6);
insert ignore into Article_has_Author (articleId, authorId) values (177, 55);
insert ignore into Article_has_Author (articleId, authorId) values (382, 91);
insert ignore into Article_has_Author (articleId, authorId) values (305, 67);
insert ignore into Article_has_Author (articleId, authorId) values (403, 11);
insert ignore into Article_has_Author (articleId, authorId) values (329, 26);
insert ignore into Article_has_Author (articleId, authorId) values (228, 93);
insert ignore into Article_has_Author (articleId, authorId) values (119, 10);
insert ignore into Article_has_Author (articleId, authorId) values (274, 136);
insert ignore into Article_has_Author (articleId, authorId) values (72, 138);
insert ignore into Article_has_Author (articleId, authorId) values (94, 36);
insert ignore into Article_has_Author (articleId, authorId) values (405, 82);
insert ignore into Article_has_Author (articleId, authorId) values (26, 114);
insert ignore into Article_has_Author (articleId, authorId) values (55, 70);
insert ignore into Article_has_Author (articleId, authorId) values (147, 33);
insert ignore into Article_has_Author (articleId, authorId) values (91, 101);
insert ignore into Article_has_Author (articleId, authorId) values (77, 12);
insert ignore into Article_has_Author (articleId, authorId) values (191, 42);
insert ignore into Article_has_Author (articleId, authorId) values (229, 63);
insert ignore into Article_has_Author (articleId, authorId) values (91, 1);
insert ignore into Article_has_Author (articleId, authorId) values (364, 83);
insert ignore into Article_has_Author (articleId, authorId) values (198, 6);
insert ignore into Article_has_Author (articleId, authorId) values (358, 131);
insert ignore into Article_has_Author (articleId, authorId) values (78, 17);
insert ignore into Article_has_Author (articleId, authorId) values (194, 5);
insert ignore into Article_has_Author (articleId, authorId) values (38, 22);
insert ignore into Article_has_Author (articleId, authorId) values (377, 61);
insert ignore into Article_has_Author (articleId, authorId) values (434, 47);
insert ignore into Article_has_Author (articleId, authorId) values (446, 130);
insert ignore into Article_has_Author (articleId, authorId) values (141, 135);
insert ignore into Article_has_Author (articleId, authorId) values (406, 68);
insert ignore into Article_has_Author (articleId, authorId) values (275, 19);
insert ignore into Article_has_Author (articleId, authorId) values (128, 70);
insert ignore into Article_has_Author (articleId, authorId) values (225, 10);
insert ignore into Article_has_Author (articleId, authorId) values (290, 64);
insert ignore into Article_has_Author (articleId, authorId) values (422, 84);
insert ignore into Article_has_Author (articleId, authorId) values (95, 76);
insert ignore into Article_has_Author (articleId, authorId) values (142, 85);
insert ignore into Article_has_Author (articleId, authorId) values (345, 11);
insert ignore into Article_has_Author (articleId, authorId) values (206, 125);
insert ignore into Article_has_Author (articleId, authorId) values (152, 137);
insert ignore into Article_has_Author (articleId, authorId) values (408, 40);
insert ignore into Article_has_Author (articleId, authorId) values (281, 64);
insert ignore into Article_has_Author (articleId, authorId) values (364, 99);
insert ignore into Article_has_Author (articleId, authorId) values (395, 32);
insert ignore into Article_has_Author (articleId, authorId) values (49, 101);
insert ignore into Article_has_Author (articleId, authorId) values (276, 109);
insert ignore into Article_has_Author (articleId, authorId) values (227, 107);
insert ignore into Article_has_Author (articleId, authorId) values (387, 79);
insert ignore into Article_has_Author (articleId, authorId) values (60, 57);
insert ignore into Article_has_Author (articleId, authorId) values (60, 105);
insert ignore into Article_has_Author (articleId, authorId) values (425, 103);
insert ignore into Article_has_Author (articleId, authorId) values (414, 92);
insert ignore into Article_has_Author (articleId, authorId) values (247, 102);
insert ignore into Article_has_Author (articleId, authorId) values (357, 36);
insert ignore into Article_has_Author (articleId, authorId) values (188, 148);
insert ignore into Article_has_Author (articleId, authorId) values (34, 94);
insert ignore into Article_has_Author (articleId, authorId) values (315, 97);
insert ignore into Article_has_Author (articleId, authorId) values (425, 50);
insert ignore into Article_has_Author (articleId, authorId) values (193, 106);
insert ignore into Article_has_Author (articleId, authorId) values (193, 108);
insert ignore into Article_has_Author (articleId, authorId) values (442, 6);
insert ignore into Article_has_Author (articleId, authorId) values (338, 7);
insert ignore into Article_has_Author (articleId, authorId) values (165, 26);
insert ignore into Article_has_Author (articleId, authorId) values (130, 123);
insert ignore into Article_has_Author (articleId, authorId) values (7, 17);
insert ignore into Article_has_Author (articleId, authorId) values (180, 130);
insert ignore into Article_has_Author (articleId, authorId) values (357, 41);
insert ignore into Article_has_Author (articleId, authorId) values (357, 70);
insert ignore into Article_has_Author (articleId, authorId) values (191, 36);
insert ignore into Article_has_Author (articleId, authorId) values (320, 13);
insert ignore into Article_has_Author (articleId, authorId) values (75, 145);
insert ignore into Article_has_Author (articleId, authorId) values (279, 11);
insert ignore into Article_has_Author (articleId, authorId) values (30, 78);
insert ignore into Article_has_Author (articleId, authorId) values (174, 104);
insert ignore into Article_has_Author (articleId, authorId) values (302, 145);
insert ignore into Article_has_Author (articleId, authorId) values (342, 31);
insert ignore into Article_has_Author (articleId, authorId) values (445, 52);
insert ignore into Article_has_Author (articleId, authorId) values (220, 24);
insert ignore into Article_has_Author (articleId, authorId) values (427, 2);
insert ignore into Article_has_Author (articleId, authorId) values (148, 119);
insert ignore into Article_has_Author (articleId, authorId) values (20, 122);
insert ignore into Article_has_Author (articleId, authorId) values (158, 36);
insert ignore into Article_has_Author (articleId, authorId) values (6, 120);
insert ignore into Article_has_Author (articleId, authorId) values (170, 59);
insert ignore into Article_has_Author (articleId, authorId) values (276, 87);
insert ignore into Article_has_Author (articleId, authorId) values (71, 108);
insert ignore into Article_has_Author (articleId, authorId) values (284, 94);
insert ignore into Article_has_Author (articleId, authorId) values (151, 92);
insert ignore into Article_has_Author (articleId, authorId) values (244, 46);
insert ignore into Article_has_Author (articleId, authorId) values (109, 19);
insert ignore into Article_has_Author (articleId, authorId) values (116, 134);
insert ignore into Article_has_Author (articleId, authorId) values (20, 147);
insert ignore into Article_has_Author (articleId, authorId) values (72, 41);
insert ignore into Article_has_Author (articleId, authorId) values (122, 12);
insert ignore into Article_has_Author (articleId, authorId) values (399, 13);
insert ignore into Article_has_Author (articleId, authorId) values (272, 46);
insert ignore into Article_has_Author (articleId, authorId) values (346, 134);
insert ignore into Article_has_Author (articleId, authorId) values (311, 38);
insert ignore into Article_has_Author (articleId, authorId) values (62, 114);
insert ignore into Article_has_Author (articleId, authorId) values (197, 53);
insert ignore into Article_has_Author (articleId, authorId) values (220, 30);
insert ignore into Article_has_Author (articleId, authorId) values (272, 73);
insert ignore into Article_has_Author (articleId, authorId) values (314, 23);
insert ignore into Article_has_Author (articleId, authorId) values (408, 67);
insert ignore into Article_has_Author (articleId, authorId) values (123, 95);
insert ignore into Article_has_Author (articleId, authorId) values (240, 130);
insert ignore into Article_has_Author (articleId, authorId) values (114, 19);
insert ignore into Article_has_Author (articleId, authorId) values (3, 111);
insert ignore into Article_has_Author (articleId, authorId) values (411, 61);
insert ignore into Article_has_Author (articleId, authorId) values (127, 144);
insert ignore into Article_has_Author (articleId, authorId) values (201, 22);
insert ignore into Article_has_Author (articleId, authorId) values (435, 54);
insert ignore into Article_has_Author (articleId, authorId) values (235, 145);
insert ignore into Article_has_Author (articleId, authorId) values (248, 8);
insert ignore into Article_has_Author (articleId, authorId) values (281, 136);
insert ignore into Article_has_Author (articleId, authorId) values (362, 31);
insert ignore into Article_has_Author (articleId, authorId) values (134, 34);
insert ignore into Article_has_Author (articleId, authorId) values (179, 104);
insert ignore into Article_has_Author (articleId, authorId) values (178, 18);
insert ignore into Article_has_Author (articleId, authorId) values (427, 97);
insert ignore into Article_has_Author (articleId, authorId) values (364, 112);
insert ignore into Article_has_Author (articleId, authorId) values (99, 104);
insert ignore into Article_has_Author (articleId, authorId) values (258, 96);
insert ignore into Article_has_Author (articleId, authorId) values (397, 119);
insert ignore into Article_has_Author (articleId, authorId) values (51, 148);
insert ignore into Article_has_Author (articleId, authorId) values (149, 21);
insert ignore into Article_has_Author (articleId, authorId) values (70, 125);
insert ignore into Article_has_Author (articleId, authorId) values (104, 105);
insert ignore into Article_has_Author (articleId, authorId) values (151, 124);
insert ignore into Article_has_Author (articleId, authorId) values (304, 84);
insert ignore into Article_has_Author (articleId, authorId) values (71, 38);
insert ignore into Article_has_Author (articleId, authorId) values (404, 1);
insert ignore into Article_has_Author (articleId, authorId) values (414, 1);
insert ignore into Article_has_Author (articleId, authorId) values (362, 48);
insert ignore into Article_has_Author (articleId, authorId) values (122, 31);
insert ignore into Article_has_Author (articleId, authorId) values (253, 116);
insert ignore into Article_has_Author (articleId, authorId) values (144, 112);
insert ignore into Article_has_Author (articleId, authorId) values (17, 70);
insert ignore into Article_has_Author (articleId, authorId) values (289, 124);
insert ignore into Article_has_Author (articleId, authorId) values (99, 31);
insert ignore into Article_has_Author (articleId, authorId) values (393, 115);
insert ignore into Article_has_Author (articleId, authorId) values (207, 1);
insert ignore into Article_has_Author (articleId, authorId) values (320, 19);
insert ignore into Article_has_Author (articleId, authorId) values (356, 74);
insert ignore into Article_has_Author (articleId, authorId) values (31, 115);
insert ignore into Article_has_Author (articleId, authorId) values (79, 83);
insert ignore into Article_has_Author (articleId, authorId) values (272, 14);
insert ignore into Article_has_Author (articleId, authorId) values (109, 134);
insert ignore into Article_has_Author (articleId, authorId) values (440, 131);
insert ignore into Article_has_Author (articleId, authorId) values (363, 28);
insert ignore into Article_has_Author (articleId, authorId) values (116, 119);
insert ignore into Article_has_Author (articleId, authorId) values (112, 16);
insert ignore into Article_has_Author (articleId, authorId) values (132, 37);
insert ignore into Article_has_Author (articleId, authorId) values (40, 92);
insert ignore into Article_has_Author (articleId, authorId) values (243, 26);
insert ignore into Article_has_Author (articleId, authorId) values (319, 26);
insert ignore into Article_has_Author (articleId, authorId) values (151, 145);
insert ignore into Article_has_Author (articleId, authorId) values (280, 103);
insert ignore into Article_has_Author (articleId, authorId) values (285, 35);
insert ignore into Article_has_Author (articleId, authorId) values (293, 117);
insert ignore into Article_has_Author (articleId, authorId) values (213, 78);
insert ignore into Article_has_Author (articleId, authorId) values (339, 110);
insert ignore into Article_has_Author (articleId, authorId) values (120, 140);
insert ignore into Article_has_Author (articleId, authorId) values (11, 69);
insert ignore into Article_has_Author (articleId, authorId) values (275, 78);
insert ignore into Article_has_Author (articleId, authorId) values (165, 122);
insert ignore into Article_has_Author (articleId, authorId) values (131, 74);
insert ignore into Article_has_Author (articleId, authorId) values (330, 44);
insert ignore into Article_has_Author (articleId, authorId) values (7, 87);
insert ignore into Article_has_Author (articleId, authorId) values (287, 90);
insert ignore into Article_has_Author (articleId, authorId) values (50, 37);
insert ignore into Article_has_Author (articleId, authorId) values (83, 13);
insert ignore into Article_has_Author (articleId, authorId) values (109, 101);
insert ignore into Article_has_Author (articleId, authorId) values (313, 90);
insert ignore into Article_has_Author (articleId, authorId) values (38, 84);
insert ignore into Article_has_Author (articleId, authorId) values (268, 68);
insert ignore into Article_has_Author (articleId, authorId) values (294, 141);
insert ignore into Article_has_Author (articleId, authorId) values (120, 110);
insert ignore into Article_has_Author (articleId, authorId) values (21, 138);
insert ignore into Article_has_Author (articleId, authorId) values (139, 118);
insert ignore into Article_has_Author (articleId, authorId) values (1, 25);
insert ignore into Article_has_Author (articleId, authorId) values (379, 150);
insert ignore into Article_has_Author (articleId, authorId) values (99, 124);
insert ignore into Article_has_Author (articleId, authorId) values (438, 123);
insert ignore into Article_has_Author (articleId, authorId) values (261, 92);
insert ignore into Article_has_Author (articleId, authorId) values (294, 41);
insert ignore into Article_has_Author (articleId, authorId) values (96, 29);
insert ignore into Article_has_Author (articleId, authorId) values (393, 68);
insert ignore into Article_has_Author (articleId, authorId) values (295, 115);
insert ignore into Article_has_Author (articleId, authorId) values (110, 104);
insert ignore into Article_has_Author (articleId, authorId) values (41, 59);
insert ignore into Article_has_Author (articleId, authorId) values (412, 78);
insert ignore into Article_has_Author (articleId, authorId) values (119, 80);
insert ignore into Article_has_Author (articleId, authorId) values (403, 71);
insert ignore into Article_has_Author (articleId, authorId) values (352, 54);
insert ignore into Article_has_Author (articleId, authorId) values (135, 107);
insert ignore into Article_has_Author (articleId, authorId) values (242, 42);
insert ignore into Article_has_Author (articleId, authorId) values (300, 114);
insert ignore into Article_has_Author (articleId, authorId) values (262, 14);
insert ignore into Article_has_Author (articleId, authorId) values (66, 105);
insert ignore into Article_has_Author (articleId, authorId) values (150, 92);
insert ignore into Article_has_Author (articleId, authorId) values (85, 31);
insert ignore into Article_has_Author (articleId, authorId) values (231, 97);
insert ignore into Article_has_Author (articleId, authorId) values (128, 106);
insert ignore into Article_has_Author (articleId, authorId) values (256, 96);
insert ignore into Article_has_Author (articleId, authorId) values (209, 52);
insert ignore into Article_has_Author (articleId, authorId) values (64, 30);
insert ignore into Article_has_Author (articleId, authorId) values (252, 102);
insert ignore into Article_has_Author (articleId, authorId) values (360, 129);
insert ignore into Article_has_Author (articleId, authorId) values (257, 134);
insert ignore into Article_has_Author (articleId, authorId) values (450, 135);
insert ignore into Article_has_Author (articleId, authorId) values (445, 74);
insert ignore into Article_has_Author (articleId, authorId) values (87, 112);
insert ignore into Article_has_Author (articleId, authorId) values (140, 68);
insert ignore into Article_has_Author (articleId, authorId) values (52, 130);
insert ignore into Article_has_Author (articleId, authorId) values (62, 119);
insert ignore into Article_has_Author (articleId, authorId) values (365, 49);
insert ignore into Article_has_Author (articleId, authorId) values (327, 23);
insert ignore into Article_has_Author (articleId, authorId) values (320, 120);
insert ignore into Article_has_Author (articleId, authorId) values (323, 108);
insert ignore into Article_has_Author (articleId, authorId) values (92, 75);
insert ignore into Article_has_Author (articleId, authorId) values (296, 36);
insert ignore into Article_has_Author (articleId, authorId) values (279, 76);
insert ignore into Article_has_Author (articleId, authorId) values (18, 66);
insert ignore into Article_has_Author (articleId, authorId) values (308, 19);
insert ignore into Article_has_Author (articleId, authorId) values (232, 112);
insert ignore into Article_has_Author (articleId, authorId) values (224, 147);
insert ignore into Article_has_Author (articleId, authorId) values (416, 34);
insert ignore into Article_has_Author (articleId, authorId) values (116, 8);
insert ignore into Article_has_Author (articleId, authorId) values (246, 16);
insert ignore into Article_has_Author (articleId, authorId) values (416, 114);
insert ignore into Article_has_Author (articleId, authorId) values (419, 86);
insert ignore into Article_has_Author (articleId, authorId) values (368, 4);
insert ignore into Article_has_Author (articleId, authorId) values (94, 117);
insert ignore into Article_has_Author (articleId, authorId) values (57, 72);
insert ignore into Article_has_Author (articleId, authorId) values (135, 95);
insert ignore into Article_has_Author (articleId, authorId) values (381, 134);
insert ignore into Article_has_Author (articleId, authorId) values (326, 67);
insert ignore into Article_has_Author (articleId, authorId) values (274, 21);
insert ignore into Article_has_Author (articleId, authorId) values (425, 99);
insert ignore into Article_has_Author (articleId, authorId) values (5, 51);
insert ignore into Article_has_Author (articleId, authorId) values (252, 19);
insert ignore into Article_has_Author (articleId, authorId) values (161, 50);
insert ignore into Article_has_Author (articleId, authorId) values (423, 93);
insert ignore into Article_has_Author (articleId, authorId) values (295, 76);
insert ignore into Article_has_Author (articleId, authorId) values (6, 67);
insert ignore into Article_has_Author (articleId, authorId) values (93, 109);
insert ignore into Article_has_Author (articleId, authorId) values (403, 129);
insert ignore into Article_has_Author (articleId, authorId) values (376, 136);
insert ignore into Article_has_Author (articleId, authorId) values (401, 25);
insert ignore into Article_has_Author (articleId, authorId) values (375, 128);
insert ignore into Article_has_Author (articleId, authorId) values (377, 57);
insert ignore into Article_has_Author (articleId, authorId) values (333, 41);
insert ignore into Article_has_Author (articleId, authorId) values (212, 1);
insert ignore into Article_has_Author (articleId, authorId) values (88, 63);
insert ignore into Article_has_Author (articleId, authorId) values (337, 133);
insert ignore into Article_has_Author (articleId, authorId) values (321, 42);
insert ignore into Article_has_Author (articleId, authorId) values (341, 106);
insert ignore into Article_has_Author (articleId, authorId) values (44, 88);
insert ignore into Article_has_Author (articleId, authorId) values (415, 120);
insert ignore into Article_has_Author (articleId, authorId) values (93, 66);
insert ignore into Article_has_Author (articleId, authorId) values (389, 18);
insert ignore into Article_has_Author (articleId, authorId) values (251, 128);
insert ignore into Article_has_Author (articleId, authorId) values (136, 35);
insert ignore into Article_has_Author (articleId, authorId) values (148, 135);
insert ignore into Article_has_Author (articleId, authorId) values (179, 64);
insert ignore into Article_has_Author (articleId, authorId) values (394, 90);
insert ignore into Article_has_Author (articleId, authorId) values (443, 7);
insert ignore into Article_has_Author (articleId, authorId) values (176, 101);
insert ignore into Article_has_Author (articleId, authorId) values (323, 56);
insert ignore into Article_has_Author (articleId, authorId) values (370, 23);
insert ignore into Article_has_Author (articleId, authorId) values (210, 25);
insert ignore into Article_has_Author (articleId, authorId) values (305, 11);
insert ignore into Article_has_Author (articleId, authorId) values (230, 40);
insert ignore into Article_has_Author (articleId, authorId) values (265, 38);
insert ignore into Article_has_Author (articleId, authorId) values (37, 64);
insert ignore into Article_has_Author (articleId, authorId) values (170, 72);
insert ignore into Article_has_Author (articleId, authorId) values (215, 19);
insert ignore into Article_has_Author (articleId, authorId) values (114, 77);
insert ignore into Article_has_Author (articleId, authorId) values (215, 52);
insert ignore into Article_has_Author (articleId, authorId) values (415, 100);
insert ignore into Article_has_Author (articleId, authorId) values (273, 43);
insert ignore into Article_has_Author (articleId, authorId) values (210, 26);
insert ignore into Article_has_Author (articleId, authorId) values (168, 91);
insert ignore into Article_has_Author (articleId, authorId) values (170, 122);
insert ignore into Article_has_Author (articleId, authorId) values (394, 143);
insert ignore into Article_has_Author (articleId, authorId) values (55, 43);
insert ignore into Article_has_Author (articleId, authorId) values (118, 129);
insert ignore into Article_has_Author (articleId, authorId) values (292, 134);
insert ignore into Article_has_Author (articleId, authorId) values (140, 23);
insert ignore into Article_has_Author (articleId, authorId) values (407, 86);
insert ignore into Article_has_Author (articleId, authorId) values (337, 40);
insert ignore into Article_has_Author (articleId, authorId) values (272, 148);
insert ignore into Article_has_Author (articleId, authorId) values (266, 132);
insert ignore into Article_has_Author (articleId, authorId) values (231, 34);
insert ignore into Article_has_Author (articleId, authorId) values (137, 93);
insert ignore into Article_has_Author (articleId, authorId) values (394, 31);
insert ignore into Article_has_Author (articleId, authorId) values (111, 111);
insert ignore into Article_has_Author (articleId, authorId) values (335, 5);
insert ignore into Article_has_Author (articleId, authorId) values (135, 83);
insert ignore into Article_has_Author (articleId, authorId) values (373, 143);
insert ignore into Article_has_Author (articleId, authorId) values (57, 23);
insert ignore into Article_has_Author (articleId, authorId) values (176, 131);
insert ignore into Article_has_Author (articleId, authorId) values (258, 6);
insert ignore into Article_has_Author (articleId, authorId) values (445, 56);
insert ignore into Article_has_Author (articleId, authorId) values (392, 4);
insert ignore into Article_has_Author (articleId, authorId) values (292, 72);
insert ignore into Article_has_Author (articleId, authorId) values (241, 81);
insert ignore into Article_has_Author (articleId, authorId) values (284, 126);
insert ignore into Article_has_Author (articleId, authorId) values (449, 111);
insert ignore into Article_has_Author (articleId, authorId) values (239, 84);
insert ignore into Article_has_Author (articleId, authorId) values (333, 61);
insert ignore into Article_has_Author (articleId, authorId) values (335, 34);
insert ignore into Article_has_Author (articleId, authorId) values (214, 92);
insert ignore into Article_has_Author (articleId, authorId) values (309, 98);
insert ignore into Article_has_Author (articleId, authorId) values (238, 81);
insert ignore into Article_has_Author (articleId, authorId) values (341, 93);
insert ignore into Article_has_Author (articleId, authorId) values (6, 71);
insert ignore into Article_has_Author (articleId, authorId) values (443, 76);
insert ignore into Article_has_Author (articleId, authorId) values (227, 81);
insert ignore into Article_has_Author (articleId, authorId) values (307, 2);
insert ignore into Article_has_Author (articleId, authorId) values (372, 89);
insert ignore into Article_has_Author (articleId, authorId) values (155, 100);
insert ignore into Article_has_Author (articleId, authorId) values (274, 59);
insert ignore into Article_has_Author (articleId, authorId) values (385, 117);
insert ignore into Article_has_Author (articleId, authorId) values (372, 103);
insert ignore into Article_has_Author (articleId, authorId) values (430, 119);
insert ignore into Article_has_Author (articleId, authorId) values (207, 1);
insert ignore into Article_has_Author (articleId, authorId) values (255, 140);
insert ignore into Article_has_Author (articleId, authorId) values (300, 75);
insert ignore into Article_has_Author (articleId, authorId) values (30, 70);
insert ignore into Article_has_Author (articleId, authorId) values (62, 65);
insert ignore into Article_has_Author (articleId, authorId) values (158, 4);
insert ignore into Article_has_Author (articleId, authorId) values (179, 75);
insert ignore into Article_has_Author (articleId, authorId) values (189, 104);
insert ignore into Article_has_Author (articleId, authorId) values (109, 80);
insert ignore into Article_has_Author (articleId, authorId) values (363, 145);
insert ignore into Article_has_Author (articleId, authorId) values (411, 137);
insert ignore into Article_has_Author (articleId, authorId) values (140, 102);
insert ignore into Article_has_Author (articleId, authorId) values (291, 147);
insert ignore into Article_has_Author (articleId, authorId) values (371, 30);
insert ignore into Article_has_Author (articleId, authorId) values (259, 50);
insert ignore into Article_has_Author (articleId, authorId) values (257, 68);
insert ignore into Article_has_Author (articleId, authorId) values (108, 45);
insert ignore into Article_has_Author (articleId, authorId) values (282, 114);
insert ignore into Article_has_Author (articleId, authorId) values (29, 64);
insert ignore into Article_has_Author (articleId, authorId) values (138, 112);
insert ignore into Article_has_Author (articleId, authorId) values (30, 105);
insert ignore into Article_has_Author (articleId, authorId) values (387, 89);
insert ignore into Article_has_Author (articleId, authorId) values (283, 23);
insert ignore into Article_has_Author (articleId, authorId) values (174, 13);
insert ignore into Article_has_Author (articleId, authorId) values (137, 64);
insert ignore into Article_has_Author (articleId, authorId) values (199, 21);
insert ignore into Article_has_Author (articleId, authorId) values (6, 96);
insert ignore into Article_has_Author (articleId, authorId) values (28, 37);
insert ignore into Article_has_Author (articleId, authorId) values (211, 36);
insert ignore into Article_has_Author (articleId, authorId) values (210, 114);
insert ignore into Article_has_Author (articleId, authorId) values (430, 55);
insert ignore into Article_has_Author (articleId, authorId) values (110, 107);
insert ignore into Article_has_Author (articleId, authorId) values (129, 38);
insert ignore into Article_has_Author (articleId, authorId) values (25, 148);
insert ignore into Article_has_Author (articleId, authorId) values (123, 79);
insert ignore into Article_has_Author (articleId, authorId) values (256, 49);
insert ignore into Article_has_Author (articleId, authorId) values (162, 6);
insert ignore into Article_has_Author (articleId, authorId) values (417, 65);
insert ignore into Article_has_Author (articleId, authorId) values (429, 117);
insert ignore into Article_has_Author (articleId, authorId) values (230, 14);
insert ignore into Article_has_Author (articleId, authorId) values (186, 19);
insert ignore into Article_has_Author (articleId, authorId) values (330, 84);
insert ignore into Article_has_Author (articleId, authorId) values (75, 56);
insert ignore into Article_has_Author (articleId, authorId) values (63, 114);
insert ignore into Article_has_Author (articleId, authorId) values (444, 104);
insert ignore into Article_has_Author (articleId, authorId) values (438, 76);
insert ignore into Article_has_Author (articleId, authorId) values (435, 146);
insert ignore into Article_has_Author (articleId, authorId) values (36, 32);
insert ignore into Article_has_Author (articleId, authorId) values (81, 49);
insert ignore into Article_has_Author (articleId, authorId) values (368, 97);
insert ignore into Article_has_Author (articleId, authorId) values (156, 42);
insert ignore into Article_has_Author (articleId, authorId) values (105, 67);
insert ignore into Article_has_Author (articleId, authorId) values (347, 121);
insert ignore into Article_has_Author (articleId, authorId) values (223, 89);
insert ignore into Article_has_Author (articleId, authorId) values (233, 109);
insert ignore into Article_has_Author (articleId, authorId) values (221, 145);
insert ignore into Article_has_Author (articleId, authorId) values (106, 97);
insert ignore into Article_has_Author (articleId, authorId) values (437, 56);
insert ignore into Article_has_Author (articleId, authorId) values (1, 43);
insert ignore into Article_has_Author (articleId, authorId) values (445, 115);
insert ignore into Article_has_Author (articleId, authorId) values (38, 97);
insert ignore into Article_has_Author (articleId, authorId) values (319, 79);
insert ignore into Article_has_Author (articleId, authorId) values (440, 110);
insert ignore into Article_has_Author (articleId, authorId) values (346, 123);
insert ignore into Article_has_Author (articleId, authorId) values (34, 33);
insert ignore into Article_has_Author (articleId, authorId) values (286, 100);
insert ignore into Article_has_Author (articleId, authorId) values (125, 115);
insert ignore into Article_has_Author (articleId, authorId) values (336, 5);
insert ignore into Article_has_Author (articleId, authorId) values (66, 25);
insert ignore into Article_has_Author (articleId, authorId) values (163, 26);
insert ignore into Article_has_Author (articleId, authorId) values (26, 81);
insert ignore into Article_has_Author (articleId, authorId) values (52, 118);
insert ignore into Article_has_Author (articleId, authorId) values (191, 79);
insert ignore into Article_has_Author (articleId, authorId) values (154, 123);
insert ignore into Article_has_Author (articleId, authorId) values (368, 11);
insert ignore into Article_has_Author (articleId, authorId) values (437, 74);
insert ignore into Article_has_Author (articleId, authorId) values (110, 89);
insert ignore into Article_has_Author (articleId, authorId) values (408, 87);
insert ignore into Article_has_Author (articleId, authorId) values (372, 94);
insert ignore into Article_has_Author (articleId, authorId) values (368, 49);
insert ignore into Article_has_Author (articleId, authorId) values (252, 94);
insert ignore into Article_has_Author (articleId, authorId) values (76, 129);
insert ignore into Article_has_Author (articleId, authorId) values (399, 82);
insert ignore into Article_has_Author (articleId, authorId) values (110, 43);
insert ignore into Article_has_Author (articleId, authorId) values (90, 12);
insert ignore into Article_has_Author (articleId, authorId) values (189, 146);
insert ignore into Article_has_Author (articleId, authorId) values (240, 10);
insert ignore into Article_has_Author (articleId, authorId) values (92, 85);
insert ignore into Article_has_Author (articleId, authorId) values (261, 150);
insert ignore into Article_has_Author (articleId, authorId) values (243, 25);
insert ignore into Article_has_Author (articleId, authorId) values (35, 111);
insert ignore into Article_has_Author (articleId, authorId) values (248, 120);
insert ignore into Article_has_Author (articleId, authorId) values (432, 115);
insert ignore into Article_has_Author (articleId, authorId) values (246, 34);
insert ignore into Article_has_Author (articleId, authorId) values (290, 16);
insert ignore into Article_has_Author (articleId, authorId) values (170, 68);
insert ignore into Article_has_Author (articleId, authorId) values (106, 121);
insert ignore into Article_has_Author (articleId, authorId) values (80, 72);
insert ignore into Article_has_Author (articleId, authorId) values (345, 90);
insert ignore into Article_has_Author (articleId, authorId) values (334, 88);
insert ignore into Article_has_Author (articleId, authorId) values (127, 33);
insert ignore into Article_has_Author (articleId, authorId) values (428, 66);
insert ignore into Article_has_Author (articleId, authorId) values (428, 32);
insert ignore into Article_has_Author (articleId, authorId) values (353, 68);
insert ignore into Article_has_Author (articleId, authorId) values (179, 40);
insert ignore into Article_has_Author (articleId, authorId) values (114, 62);
insert ignore into Article_has_Author (articleId, authorId) values (66, 106);
insert ignore into Article_has_Author (articleId, authorId) values (77, 78);
insert ignore into Article_has_Author (articleId, authorId) values (206, 28);
insert ignore into Article_has_Author (articleId, authorId) values (5, 29);
insert ignore into Article_has_Author (articleId, authorId) values (369, 118);
insert ignore into Article_has_Author (articleId, authorId) values (431, 38);
insert ignore into Article_has_Author (articleId, authorId) values (184, 80);
insert ignore into Article_has_Author (articleId, authorId) values (270, 80);
insert ignore into Article_has_Author (articleId, authorId) values (344, 33);
insert ignore into Article_has_Author (articleId, authorId) values (354, 4);
insert ignore into Article_has_Author (articleId, authorId) values (338, 40);
insert ignore into Article_has_Author (articleId, authorId) values (326, 31);
insert ignore into Article_has_Author (articleId, authorId) values (87, 38);
insert ignore into Article_has_Author (articleId, authorId) values (394, 73);
insert ignore into Article_has_Author (articleId, authorId) values (258, 101);
insert ignore into Article_has_Author (articleId, authorId) values (291, 133);
insert ignore into Article_has_Author (articleId, authorId) values (156, 124);
insert ignore into Article_has_Author (articleId, authorId) values (89, 41);
insert ignore into Article_has_Author (articleId, authorId) values (439, 106);
insert ignore into Article_has_Author (articleId, authorId) values (255, 46);
insert ignore into Article_has_Author (articleId, authorId) values (433, 10);
insert ignore into Article_has_Author (articleId, authorId) values (207, 101);
insert ignore into Article_has_Author (articleId, authorId) values (333, 149);
insert ignore into Article_has_Author (articleId, authorId) values (402, 116);
insert ignore into Article_has_Author (articleId, authorId) values (434, 7);
insert ignore into Article_has_Author (articleId, authorId) values (243, 90);
insert ignore into Article_has_Author (articleId, authorId) values (49, 20);
insert ignore into Article_has_Author (articleId, authorId) values (425, 111);
insert ignore into Article_has_Author (articleId, authorId) values (365, 20);
insert ignore into Article_has_Author (articleId, authorId) values (319, 63);
insert ignore into Article_has_Author (articleId, authorId) values (357, 133);
insert ignore into Article_has_Author (articleId, authorId) values (52, 114);
insert ignore into Article_has_Author (articleId, authorId) values (201, 90);
insert ignore into Article_has_Author (articleId, authorId) values (92, 48);
insert ignore into Article_has_Author (articleId, authorId) values (127, 90);
insert ignore into Article_has_Author (articleId, authorId) values (326, 1);
insert ignore into Article_has_Author (articleId, authorId) values (274, 62);
insert ignore into Article_has_Author (articleId, authorId) values (288, 129);
insert ignore into Article_has_Author (articleId, authorId) values (98, 15);
insert ignore into Article_has_Author (articleId, authorId) values (374, 56);
insert ignore into Article_has_Author (articleId, authorId) values (273, 27);
insert ignore into Article_has_Author (articleId, authorId) values (193, 9);
insert ignore into Article_has_Author (articleId, authorId) values (280, 81);
insert ignore into Article_has_Author (articleId, authorId) values (80, 43);
insert ignore into Article_has_Author (articleId, authorId) values (208, 13);
insert ignore into Article_has_Author (articleId, authorId) values (214, 4);
insert ignore into Article_has_Author (articleId, authorId) values (354, 80);
insert ignore into Article_has_Author (articleId, authorId) values (350, 85);
insert ignore into Article_has_Author (articleId, authorId) values (285, 121);
insert ignore into Article_has_Author (articleId, authorId) values (159, 99);
insert ignore into Article_has_Author (articleId, authorId) values (20, 120);
insert ignore into Article_has_Author (articleId, authorId) values (376, 81);
insert ignore into Article_has_Author (articleId, authorId) values (68, 32);
insert ignore into Article_has_Author (articleId, authorId) values (50, 122);
insert ignore into Article_has_Author (articleId, authorId) values (70, 47);
insert ignore into Article_has_Author (articleId, authorId) values (56, 90);
insert ignore into Article_has_Author (articleId, authorId) values (337, 138);
insert ignore into Article_has_Author (articleId, authorId) values (259, 83);
insert ignore into Article_has_Author (articleId, authorId) values (124, 121);
insert ignore into Article_has_Author (articleId, authorId) values (385, 114);
insert ignore into Article_has_Author (articleId, authorId) values (71, 62);
insert ignore into Article_has_Author (articleId, authorId) values (172, 141);
insert ignore into Article_has_Author (articleId, authorId) values (237, 106);
insert ignore into Article_has_Author (articleId, authorId) values (339, 9);
insert ignore into Article_has_Author (articleId, authorId) values (40, 16);
insert ignore into Article_has_Author (articleId, authorId) values (259, 120);
insert ignore into Article_has_Author (articleId, authorId) values (338, 10);
insert ignore into Article_has_Author (articleId, authorId) values (229, 15);
insert ignore into Article_has_Author (articleId, authorId) values (398, 102);
insert ignore into Article_has_Author (articleId, authorId) values (282, 105);
insert ignore into Article_has_Author (articleId, authorId) values (80, 24);
insert ignore into Article_has_Author (articleId, authorId) values (130, 8);
insert ignore into Article_has_Author (articleId, authorId) values (219, 43);
insert ignore into Article_has_Author (articleId, authorId) values (314, 98);
insert ignore into Article_has_Author (articleId, authorId) values (23, 141);
insert ignore into Article_has_Author (articleId, authorId) values (59, 124);
insert ignore into Article_has_Author (articleId, authorId) values (55, 141);
insert ignore into Article_has_Author (articleId, authorId) values (257, 125);
insert ignore into Article_has_Author (articleId, authorId) values (421, 35);
insert ignore into Article_has_Author (articleId, authorId) values (130, 130);
insert ignore into Article_has_Author (articleId, authorId) values (423, 92);
insert ignore into Article_has_Author (articleId, authorId) values (124, 35);
insert ignore into Article_has_Author (articleId, authorId) values (166, 97);
insert ignore into Article_has_Author (articleId, authorId) values (50, 140);
insert ignore into Article_has_Author (articleId, authorId) values (397, 137);
insert ignore into Article_has_Author (articleId, authorId) values (189, 28);
insert ignore into Article_has_Author (articleId, authorId) values (269, 60);
insert ignore into Article_has_Author (articleId, authorId) values (191, 56);
insert ignore into Article_has_Author (articleId, authorId) values (159, 54);
insert ignore into Article_has_Author (articleId, authorId) values (321, 2);
insert ignore into Article_has_Author (articleId, authorId) values (172, 90);
insert ignore into Article_has_Author (articleId, authorId) values (339, 141);
insert ignore into Article_has_Author (articleId, authorId) values (120, 84);
insert ignore into Article_has_Author (articleId, authorId) values (275, 49);
insert ignore into Article_has_Author (articleId, authorId) values (261, 140);
insert ignore into Article_has_Author (articleId, authorId) values (75, 43);
insert ignore into Article_has_Author (articleId, authorId) values (381, 21);
insert ignore into Article_has_Author (articleId, authorId) values (34, 129);
insert ignore into Article_has_Author (articleId, authorId) values (304, 40);
insert ignore into Article_has_Author (articleId, authorId) values (9, 121);
insert ignore into Article_has_Author (articleId, authorId) values (444, 20);
insert ignore into Article_has_Author (articleId, authorId) values (434, 142);
insert ignore into Article_has_Author (articleId, authorId) values (382, 144);
insert ignore into Article_has_Author (articleId, authorId) values (241, 14);
insert ignore into Article_has_Author (articleId, authorId) values (54, 134);
insert ignore into Article_has_Author (articleId, authorId) values (30, 37);
insert ignore into Article_has_Author (articleId, authorId) values (45, 147);
insert ignore into Article_has_Author (articleId, authorId) values (288, 118);
insert ignore into Article_has_Author (articleId, authorId) values (310, 133);
insert ignore into Article_has_Author (articleId, authorId) values (245, 115);
insert ignore into Article_has_Author (articleId, authorId) values (200, 77);
insert ignore into Article_has_Author (articleId, authorId) values (350, 132);
insert ignore into Article_has_Author (articleId, authorId) values (368, 78);
insert ignore into Article_has_Author (articleId, authorId) values (197, 99);
insert ignore into Article_has_Author (articleId, authorId) values (255, 93);
insert ignore into Article_has_Author (articleId, authorId) values (44, 50);
insert ignore into Article_has_Author (articleId, authorId) values (88, 53);
insert ignore into Article_has_Author (articleId, authorId) values (66, 54);
insert ignore into Article_has_Author (articleId, authorId) values (33, 146);
insert ignore into Article_has_Author (articleId, authorId) values (427, 50);
insert ignore into Article_has_Author (articleId, authorId) values (253, 124);
insert ignore into Article_has_Author (articleId, authorId) values (69, 140);
insert ignore into Article_has_Author (articleId, authorId) values (183, 48);
insert ignore into Article_has_Author (articleId, authorId) values (339, 32);
insert ignore into Article_has_Author (articleId, authorId) values (309, 137);
insert ignore into Article_has_Author (articleId, authorId) values (92, 101);
insert ignore into Article_has_Author (articleId, authorId) values (258, 48);
insert ignore into Article_has_Author (articleId, authorId) values (366, 105);
insert ignore into Article_has_Author (articleId, authorId) values (429, 95);
insert ignore into Article_has_Author (articleId, authorId) values (215, 97);
insert ignore into Article_has_Author (articleId, authorId) values (59, 96);
insert ignore into Article_has_Author (articleId, authorId) values (336, 69);
insert ignore into Article_has_Author (articleId, authorId) values (434, 88);
insert ignore into Article_has_Author (articleId, authorId) values (41, 99);
insert ignore into Article_has_Author (articleId, authorId) values (398, 35);
insert ignore into Article_has_Author (articleId, authorId) values (411, 50);
insert ignore into Article_has_Author (articleId, authorId) values (290, 58);
insert ignore into Article_has_Author (articleId, authorId) values (251, 142);
insert ignore into Article_has_Author (articleId, authorId) values (425, 88);
insert ignore into Article_has_Author (articleId, authorId) values (433, 81);
insert ignore into Article_has_Author (articleId, authorId) values (267, 33);
insert ignore into Article_has_Author (articleId, authorId) values (210, 100);
insert ignore into Article_has_Author (articleId, authorId) values (187, 122);
insert ignore into Article_has_Author (articleId, authorId) values (164, 53);
insert ignore into Article_has_Author (articleId, authorId) values (335, 145);
insert ignore into Article_has_Author (articleId, authorId) values (8, 75);
insert ignore into Article_has_Author (articleId, authorId) values (210, 141);
insert ignore into Article_has_Author (articleId, authorId) values (86, 122);
insert ignore into Article_has_Author (articleId, authorId) values (158, 113);
insert ignore into Article_has_Author (articleId, authorId) values (19, 26);
insert ignore into Article_has_Author (articleId, authorId) values (190, 81);
insert ignore into Article_has_Author (articleId, authorId) values (329, 147);
insert ignore into Article_has_Author (articleId, authorId) values (409, 141);
insert ignore into Article_has_Author (articleId, authorId) values (353, 149);
insert ignore into Article_has_Author (articleId, authorId) values (106, 134);
insert ignore into Article_has_Author (articleId, authorId) values (127, 84);
insert ignore into Article_has_Author (articleId, authorId) values (151, 128);
insert ignore into Article_has_Author (articleId, authorId) values (384, 78);
insert ignore into Article_has_Author (articleId, authorId) values (156, 74);
insert ignore into Article_has_Author (articleId, authorId) values (328, 65);
insert ignore into Article_has_Author (articleId, authorId) values (134, 98);
insert ignore into Article_has_Author (articleId, authorId) values (431, 24);
insert ignore into Article_has_Author (articleId, authorId) values (398, 63);
insert ignore into Article_has_Author (articleId, authorId) values (141, 20);
insert ignore into Article_has_Author (articleId, authorId) values (385, 7);
insert ignore into Article_has_Author (articleId, authorId) values (384, 37);
insert ignore into Article_has_Author (articleId, authorId) values (10, 15);
insert ignore into Article_has_Author (articleId, authorId) values (231, 4);
insert ignore into Article_has_Author (articleId, authorId) values (27, 57);
insert ignore into Article_has_Author (articleId, authorId) values (279, 108);
insert ignore into Article_has_Author (articleId, authorId) values (206, 128);
insert ignore into Article_has_Author (articleId, authorId) values (251, 103);
insert ignore into Article_has_Author (articleId, authorId) values (52, 116);
insert ignore into Article_has_Author (articleId, authorId) values (413, 49);
insert ignore into Article_has_Author (articleId, authorId) values (176, 91);
insert ignore into Article_has_Author (articleId, authorId) values (135, 9);
insert ignore into Article_has_Author (articleId, authorId) values (371, 3);
insert ignore into Article_has_Author (articleId, authorId) values (88, 136);
insert ignore into Article_has_Author (articleId, authorId) values (120, 13);
insert ignore into Article_has_Author (articleId, authorId) values (232, 112);
insert ignore into Article_has_Author (articleId, authorId) values (168, 41);
insert ignore into Article_has_Author (articleId, authorId) values (420, 16);
insert ignore into Article_has_Author (articleId, authorId) values (359, 92);
insert ignore into Article_has_Author (articleId, authorId) values (366, 81);
insert ignore into Article_has_Author (articleId, authorId) values (93, 122);
insert ignore into Article_has_Author (articleId, authorId) values (383, 54);
insert ignore into Article_has_Author (articleId, authorId) values (247, 67);
insert ignore into Article_has_Author (articleId, authorId) values (77, 101);
insert ignore into Article_has_Author (articleId, authorId) values (371, 108);
insert ignore into Article_has_Author (articleId, authorId) values (241, 113);
insert ignore into Article_has_Author (articleId, authorId) values (337, 28);
insert ignore into Article_has_Author (articleId, authorId) values (444, 75);
insert ignore into Article_has_Author (articleId, authorId) values (343, 76);
insert ignore into Article_has_Author (articleId, authorId) values (422, 25);
insert ignore into Article_has_Author (articleId, authorId) values (438, 37);
insert ignore into Article_has_Author (articleId, authorId) values (391, 62);
insert ignore into Article_has_Author (articleId, authorId) values (26, 57);
insert ignore into Article_has_Author (articleId, authorId) values (301, 27);
insert ignore into Article_has_Author (articleId, authorId) values (30, 38);
insert ignore into Article_has_Author (articleId, authorId) values (240, 62);








insert ignore into Article_has_Source (sourceId, articleId) values (13, 380);
insert ignore into Article_has_Source (sourceId, articleId) values (18, 8);
insert ignore into Article_has_Source (sourceId, articleId) values (6, 163);
insert ignore into Article_has_Source (sourceId, articleId) values (6, 173);
insert ignore into Article_has_Source (sourceId, articleId) values (18, 4);
insert ignore into Article_has_Source (sourceId, articleId) values (16, 206);
insert ignore into Article_has_Source (sourceId, articleId) values (19, 240);
insert ignore into Article_has_Source (sourceId, articleId) values (12, 97);
insert ignore into Article_has_Source (sourceId, articleId) values (20, 308);
insert ignore into Article_has_Source (sourceId, articleId) values (10, 416);
insert ignore into Article_has_Source (sourceId, articleId) values (14, 287);
insert ignore into Article_has_Source (sourceId, articleId) values (5, 279);
insert ignore into Article_has_Source (sourceId, articleId) values (14, 368);
insert ignore into Article_has_Source (sourceId, articleId) values (7, 385);
insert ignore into Article_has_Source (sourceId, articleId) values (4, 264);
insert ignore into Article_has_Source (sourceId, articleId) values (18, 288);
insert ignore into Article_has_Source (sourceId, articleId) values (11, 443);
insert ignore into Article_has_Source (sourceId, articleId) values (4, 15);
insert ignore into Article_has_Source (sourceId, articleId) values (18, 292);
insert ignore into Article_has_Source (sourceId, articleId) values (18, 400);
insert ignore into Article_has_Source (sourceId, articleId) values (3, 174);
insert ignore into Article_has_Source (sourceId, articleId) values (11, 400);
insert ignore into Article_has_Source (sourceId, articleId) values (14, 130);
insert ignore into Article_has_Source (sourceId, articleId) values (4, 260);
insert ignore into Article_has_Source (sourceId, articleId) values (6, 202);
insert ignore into Article_has_Source (sourceId, articleId) values (3, 30);
insert ignore into Article_has_Source (sourceId, articleId) values (15, 337);
insert ignore into Article_has_Source (sourceId, articleId) values (12, 65);
insert ignore into Article_has_Source (sourceId, articleId) values (3, 425);
insert ignore into Article_has_Source (sourceId, articleId) values (5, 209);
insert ignore into Article_has_Source (sourceId, articleId) values (2, 166);
insert ignore into Article_has_Source (sourceId, articleId) values (8, 376);
insert ignore into Article_has_Source (sourceId, articleId) values (5, 348);
insert ignore into Article_has_Source (sourceId, articleId) values (18, 27);
insert ignore into Article_has_Source (sourceId, articleId) values (6, 189);
insert ignore into Article_has_Source (sourceId, articleId) values (18, 60);
insert ignore into Article_has_Source (sourceId, articleId) values (16, 293);
insert ignore into Article_has_Source (sourceId, articleId) values (10, 112);
insert ignore into Article_has_Source (sourceId, articleId) values (7, 305);
insert ignore into Article_has_Source (sourceId, articleId) values (9, 71);
insert ignore into Article_has_Source (sourceId, articleId) values (8, 312);
insert ignore into Article_has_Source (sourceId, articleId) values (15, 151);
insert ignore into Article_has_Source (sourceId, articleId) values (18, 148);
insert ignore into Article_has_Source (sourceId, articleId) values (11, 288);
insert ignore into Article_has_Source (sourceId, articleId) values (7, 164);
insert ignore into Article_has_Source (sourceId, articleId) values (2, 31);
insert ignore into Article_has_Source (sourceId, articleId) values (19, 356);
insert ignore into Article_has_Source (sourceId, articleId) values (13, 232);
insert ignore into Article_has_Source (sourceId, articleId) values (5, 362);
insert ignore into Article_has_Source (sourceId, articleId) values (17, 55);
insert ignore into Article_has_Source (sourceId, articleId) values (5, 137);
insert ignore into Article_has_Source (sourceId, articleId) values (1, 43);
insert ignore into Article_has_Source (sourceId, articleId) values (3, 322);
insert ignore into Article_has_Source (sourceId, articleId) values (8, 110);
insert ignore into Article_has_Source (sourceId, articleId) values (10, 379);
insert ignore into Article_has_Source (sourceId, articleId) values (3, 61);
insert ignore into Article_has_Source (sourceId, articleId) values (3, 41);
insert ignore into Article_has_Source (sourceId, articleId) values (12, 45);
insert ignore into Article_has_Source (sourceId, articleId) values (18, 355);
insert ignore into Article_has_Source (sourceId, articleId) values (16, 49);
insert ignore into Article_has_Source (sourceId, articleId) values (5, 347);
insert ignore into Article_has_Source (sourceId, articleId) values (8, 84);
insert ignore into Article_has_Source (sourceId, articleId) values (13, 396);
insert ignore into Article_has_Source (sourceId, articleId) values (4, 446);
insert ignore into Article_has_Source (sourceId, articleId) values (11, 257);
insert ignore into Article_has_Source (sourceId, articleId) values (13, 333);
insert ignore into Article_has_Source (sourceId, articleId) values (12, 430);
insert ignore into Article_has_Source (sourceId, articleId) values (13, 64);
insert ignore into Article_has_Source (sourceId, articleId) values (1, 418);
insert ignore into Article_has_Source (sourceId, articleId) values (4, 289);
insert ignore into Article_has_Source (sourceId, articleId) values (10, 379);
insert ignore into Article_has_Source (sourceId, articleId) values (17, 309);
insert ignore into Article_has_Source (sourceId, articleId) values (7, 55);
insert ignore into Article_has_Source (sourceId, articleId) values (6, 213);
insert ignore into Article_has_Source (sourceId, articleId) values (16, 301);
insert ignore into Article_has_Source (sourceId, articleId) values (14, 233);
insert ignore into Article_has_Source (sourceId, articleId) values (12, 309);
insert ignore into Article_has_Source (sourceId, articleId) values (17, 273);
insert ignore into Article_has_Source (sourceId, articleId) values (17, 282);
insert ignore into Article_has_Source (sourceId, articleId) values (8, 126);
insert ignore into Article_has_Source (sourceId, articleId) values (8, 184);
insert ignore into Article_has_Source (sourceId, articleId) values (4, 43);
insert ignore into Article_has_Source (sourceId, articleId) values (6, 203);
insert ignore into Article_has_Source (sourceId, articleId) values (14, 254);
insert ignore into Article_has_Source (sourceId, articleId) values (11, 54);
insert ignore into Article_has_Source (sourceId, articleId) values (2, 234);
insert ignore into Article_has_Source (sourceId, articleId) values (1, 239);
insert ignore into Article_has_Source (sourceId, articleId) values (13, 167);
insert ignore into Article_has_Source (sourceId, articleId) values (1, 85);
insert ignore into Article_has_Source (sourceId, articleId) values (14, 343);
insert ignore into Article_has_Source (sourceId, articleId) values (18, 294);
insert ignore into Article_has_Source (sourceId, articleId) values (10, 386);
insert ignore into Article_has_Source (sourceId, articleId) values (12, 383);
insert ignore into Article_has_Source (sourceId, articleId) values (15, 442);
insert ignore into Article_has_Source (sourceId, articleId) values (9, 350);
insert ignore into Article_has_Source (sourceId, articleId) values (20, 268);
insert ignore into Article_has_Source (sourceId, articleId) values (4, 309);
insert ignore into Article_has_Source (sourceId, articleId) values (5, 189);
insert ignore into Article_has_Source (sourceId, articleId) values (7, 396);
insert ignore into Article_has_Source (sourceId, articleId) values (1, 310);
insert ignore into Article_has_Source (sourceId, articleId) values (6, 390);
insert ignore into Article_has_Source (sourceId, articleId) values (16, 19);
insert ignore into Article_has_Source (sourceId, articleId) values (8, 244);
insert ignore into Article_has_Source (sourceId, articleId) values (17, 226);
insert ignore into Article_has_Source (sourceId, articleId) values (2, 356);
insert ignore into Article_has_Source (sourceId, articleId) values (18, 218);
insert ignore into Article_has_Source (sourceId, articleId) values (15, 360);
insert ignore into Article_has_Source (sourceId, articleId) values (15, 173);
insert ignore into Article_has_Source (sourceId, articleId) values (9, 119);
insert ignore into Article_has_Source (sourceId, articleId) values (10, 350);
insert ignore into Article_has_Source (sourceId, articleId) values (8, 125);
insert ignore into Article_has_Source (sourceId, articleId) values (16, 389);
insert ignore into Article_has_Source (sourceId, articleId) values (3, 271);
insert ignore into Article_has_Source (sourceId, articleId) values (17, 295);
insert ignore into Article_has_Source (sourceId, articleId) values (3, 389);
insert ignore into Article_has_Source (sourceId, articleId) values (6, 98);
insert ignore into Article_has_Source (sourceId, articleId) values (17, 346);
insert ignore into Article_has_Source (sourceId, articleId) values (16, 365);
insert ignore into Article_has_Source (sourceId, articleId) values (6, 335);
insert ignore into Article_has_Source (sourceId, articleId) values (9, 99);
insert ignore into Article_has_Source (sourceId, articleId) values (1, 421);
insert ignore into Article_has_Source (sourceId, articleId) values (18, 435);
insert ignore into Article_has_Source (sourceId, articleId) values (12, 394);
insert ignore into Article_has_Source (sourceId, articleId) values (12, 95);
insert ignore into Article_has_Source (sourceId, articleId) values (18, 199);
insert ignore into Article_has_Source (sourceId, articleId) values (16, 192);
insert ignore into Article_has_Source (sourceId, articleId) values (8, 108);
insert ignore into Article_has_Source (sourceId, articleId) values (17, 111);
insert ignore into Article_has_Source (sourceId, articleId) values (7, 237);
insert ignore into Article_has_Source (sourceId, articleId) values (2, 317);
insert ignore into Article_has_Source (sourceId, articleId) values (17, 158);
insert ignore into Article_has_Source (sourceId, articleId) values (3, 161);
insert ignore into Article_has_Source (sourceId, articleId) values (8, 373);
insert ignore into Article_has_Source (sourceId, articleId) values (7, 163);
insert ignore into Article_has_Source (sourceId, articleId) values (6, 436);
insert ignore into Article_has_Source (sourceId, articleId) values (3, 180);
insert ignore into Article_has_Source (sourceId, articleId) values (12, 47);
insert ignore into Article_has_Source (sourceId, articleId) values (16, 354);
insert ignore into Article_has_Source (sourceId, articleId) values (12, 328);
insert ignore into Article_has_Source (sourceId, articleId) values (18, 435);
insert ignore into Article_has_Source (sourceId, articleId) values (14, 283);
insert ignore into Article_has_Source (sourceId, articleId) values (11, 374);
insert ignore into Article_has_Source (sourceId, articleId) values (17, 99);
insert ignore into Article_has_Source (sourceId, articleId) values (1, 269);
insert ignore into Article_has_Source (sourceId, articleId) values (17, 79);
insert ignore into Article_has_Source (sourceId, articleId) values (1, 272);
insert ignore into Article_has_Source (sourceId, articleId) values (18, 379);
insert ignore into Article_has_Source (sourceId, articleId) values (10, 323);
insert ignore into Article_has_Source (sourceId, articleId) values (8, 188);
insert ignore into Article_has_Source (sourceId, articleId) values (13, 166);
insert ignore into Article_has_Source (sourceId, articleId) values (7, 142);
insert ignore into Article_has_Source (sourceId, articleId) values (1, 317);
insert ignore into Article_has_Source (sourceId, articleId) values (11, 448);
insert ignore into Article_has_Source (sourceId, articleId) values (19, 69);
insert ignore into Article_has_Source (sourceId, articleId) values (10, 64);
insert ignore into Article_has_Source (sourceId, articleId) values (3, 39);
insert ignore into Article_has_Source (sourceId, articleId) values (4, 27);
insert ignore into Article_has_Source (sourceId, articleId) values (8, 375);
insert ignore into Article_has_Source (sourceId, articleId) values (5, 277);
insert ignore into Article_has_Source (sourceId, articleId) values (1, 437);
insert ignore into Article_has_Source (sourceId, articleId) values (2, 256);
insert ignore into Article_has_Source (sourceId, articleId) values (13, 449);
insert ignore into Article_has_Source (sourceId, articleId) values (18, 148);
insert ignore into Article_has_Source (sourceId, articleId) values (20, 373);
insert ignore into Article_has_Source (sourceId, articleId) values (6, 132);
insert ignore into Article_has_Source (sourceId, articleId) values (8, 205);
insert ignore into Article_has_Source (sourceId, articleId) values (17, 77);
insert ignore into Article_has_Source (sourceId, articleId) values (16, 83);
insert ignore into Article_has_Source (sourceId, articleId) values (17, 15);
insert ignore into Article_has_Source (sourceId, articleId) values (5, 291);
insert ignore into Article_has_Source (sourceId, articleId) values (9, 435);
insert ignore into Article_has_Source (sourceId, articleId) values (2, 48);
insert ignore into Article_has_Source (sourceId, articleId) values (4, 356);
insert ignore into Article_has_Source (sourceId, articleId) values (18, 447);
insert ignore into Article_has_Source (sourceId, articleId) values (7, 248);
insert ignore into Article_has_Source (sourceId, articleId) values (10, 394);
insert ignore into Article_has_Source (sourceId, articleId) values (6, 180);
insert ignore into Article_has_Source (sourceId, articleId) values (4, 182);
insert ignore into Article_has_Source (sourceId, articleId) values (10, 66);
insert ignore into Article_has_Source (sourceId, articleId) values (15, 424);
insert ignore into Article_has_Source (sourceId, articleId) values (19, 17);
insert ignore into Article_has_Source (sourceId, articleId) values (2, 407);
insert ignore into Article_has_Source (sourceId, articleId) values (19, 56);
insert ignore into Article_has_Source (sourceId, articleId) values (19, 126);
insert ignore into Article_has_Source (sourceId, articleId) values (20, 276);
insert ignore into Article_has_Source (sourceId, articleId) values (19, 424);
insert ignore into Article_has_Source (sourceId, articleId) values (7, 430);
insert ignore into Article_has_Source (sourceId, articleId) values (13, 65);
insert ignore into Article_has_Source (sourceId, articleId) values (16, 308);
insert ignore into Article_has_Source (sourceId, articleId) values (14, 230);
insert ignore into Article_has_Source (sourceId, articleId) values (14, 303);
insert ignore into Article_has_Source (sourceId, articleId) values (1, 62);
insert ignore into Article_has_Source (sourceId, articleId) values (20, 433);
insert ignore into Article_has_Source (sourceId, articleId) values (10, 83);
insert ignore into Article_has_Source (sourceId, articleId) values (12, 394);
insert ignore into Article_has_Source (sourceId, articleId) values (7, 250);
insert ignore into Article_has_Source (sourceId, articleId) values (13, 185);
insert ignore into Article_has_Source (sourceId, articleId) values (5, 172);
insert ignore into Article_has_Source (sourceId, articleId) values (8, 348);
insert ignore into Article_has_Source (sourceId, articleId) values (13, 417);
insert ignore into Article_has_Source (sourceId, articleId) values (6, 382);
insert ignore into Article_has_Source (sourceId, articleId) values (17, 385);
insert ignore into Article_has_Source (sourceId, articleId) values (17, 348);
insert ignore into Article_has_Source (sourceId, articleId) values (9, 271);
insert ignore into Article_has_Source (sourceId, articleId) values (20, 184);
insert ignore into Article_has_Source (sourceId, articleId) values (18, 49);
insert ignore into Article_has_Source (sourceId, articleId) values (17, 248);
insert ignore into Article_has_Source (sourceId, articleId) values (10, 414);
insert ignore into Article_has_Source (sourceId, articleId) values (5, 41);
insert ignore into Article_has_Source (sourceId, articleId) values (9, 6);
insert ignore into Article_has_Source (sourceId, articleId) values (19, 15);
insert ignore into Article_has_Source (sourceId, articleId) values (17, 70);
insert ignore into Article_has_Source (sourceId, articleId) values (9, 94);
insert ignore into Article_has_Source (sourceId, articleId) values (1, 449);
insert ignore into Article_has_Source (sourceId, articleId) values (6, 214);
insert ignore into Article_has_Source (sourceId, articleId) values (3, 68);
insert ignore into Article_has_Source (sourceId, articleId) values (6, 373);
insert ignore into Article_has_Source (sourceId, articleId) values (6, 402);
insert ignore into Article_has_Source (sourceId, articleId) values (9, 12);
insert ignore into Article_has_Source (sourceId, articleId) values (13, 230);
insert ignore into Article_has_Source (sourceId, articleId) values (17, 274);
insert ignore into Article_has_Source (sourceId, articleId) values (2, 43);
insert ignore into Article_has_Source (sourceId, articleId) values (11, 405);
insert ignore into Article_has_Source (sourceId, articleId) values (4, 33);
insert ignore into Article_has_Source (sourceId, articleId) values (10, 209);
insert ignore into Article_has_Source (sourceId, articleId) values (15, 285);
insert ignore into Article_has_Source (sourceId, articleId) values (19, 3);
insert ignore into Article_has_Source (sourceId, articleId) values (12, 89);
insert ignore into Article_has_Source (sourceId, articleId) values (3, 391);
insert ignore into Article_has_Source (sourceId, articleId) values (5, 159);
insert ignore into Article_has_Source (sourceId, articleId) values (11, 337);
insert ignore into Article_has_Source (sourceId, articleId) values (13, 202);
insert ignore into Article_has_Source (sourceId, articleId) values (10, 79);
insert ignore into Article_has_Source (sourceId, articleId) values (14, 100);
insert ignore into Article_has_Source (sourceId, articleId) values (9, 431);
insert ignore into Article_has_Source (sourceId, articleId) values (14, 5);
insert ignore into Article_has_Source (sourceId, articleId) values (12, 1);
insert ignore into Article_has_Source (sourceId, articleId) values (20, 44);
insert ignore into Article_has_Source (sourceId, articleId) values (18, 168);
insert ignore into Article_has_Source (sourceId, articleId) values (10, 47);
insert ignore into Article_has_Source (sourceId, articleId) values (11, 361);
insert ignore into Article_has_Source (sourceId, articleId) values (6, 435);
insert ignore into Article_has_Source (sourceId, articleId) values (4, 221);
insert ignore into Article_has_Source (sourceId, articleId) values (6, 87);
insert ignore into Article_has_Source (sourceId, articleId) values (2, 289);
insert ignore into Article_has_Source (sourceId, articleId) values (2, 138);
insert ignore into Article_has_Source (sourceId, articleId) values (6, 349);
insert ignore into Article_has_Source (sourceId, articleId) values (5, 56);
insert ignore into Article_has_Source (sourceId, articleId) values (17, 441);
insert ignore into Article_has_Source (sourceId, articleId) values (16, 206);
insert ignore into Article_has_Source (sourceId, articleId) values (5, 340);
insert ignore into Article_has_Source (sourceId, articleId) values (10, 306);
insert ignore into Article_has_Source (sourceId, articleId) values (12, 369);
insert ignore into Article_has_Source (sourceId, articleId) values (8, 147);
insert ignore into Article_has_Source (sourceId, articleId) values (8, 6);
insert ignore into Article_has_Source (sourceId, articleId) values (13, 336);
insert ignore into Article_has_Source (sourceId, articleId) values (7, 38);
insert ignore into Article_has_Source (sourceId, articleId) values (1, 300);
insert ignore into Article_has_Source (sourceId, articleId) values (10, 71);
insert ignore into Article_has_Source (sourceId, articleId) values (12, 291);
insert ignore into Article_has_Source (sourceId, articleId) values (9, 193);
insert ignore into Article_has_Source (sourceId, articleId) values (20, 327);
insert ignore into Article_has_Source (sourceId, articleId) values (1, 264);
insert ignore into Article_has_Source (sourceId, articleId) values (5, 443);
insert ignore into Article_has_Source (sourceId, articleId) values (17, 287);
insert ignore into Article_has_Source (sourceId, articleId) values (5, 211);
insert ignore into Article_has_Source (sourceId, articleId) values (4, 331);
insert ignore into Article_has_Source (sourceId, articleId) values (4, 230);
insert ignore into Article_has_Source (sourceId, articleId) values (14, 23);
insert ignore into Article_has_Source (sourceId, articleId) values (9, 7);
insert ignore into Article_has_Source (sourceId, articleId) values (1, 257);
insert ignore into Article_has_Source (sourceId, articleId) values (11, 346);
insert ignore into Article_has_Source (sourceId, articleId) values (2, 180);
insert ignore into Article_has_Source (sourceId, articleId) values (18, 45);
insert ignore into Article_has_Source (sourceId, articleId) values (19, 319);
insert ignore into Article_has_Source (sourceId, articleId) values (10, 310);
insert ignore into Article_has_Source (sourceId, articleId) values (17, 33);
insert ignore into Article_has_Source (sourceId, articleId) values (19, 441);
insert ignore into Article_has_Source (sourceId, articleId) values (13, 257);
insert ignore into Article_has_Source (sourceId, articleId) values (16, 211);
insert ignore into Article_has_Source (sourceId, articleId) values (5, 409);
insert ignore into Article_has_Source (sourceId, articleId) values (17, 150);
insert ignore into Article_has_Source (sourceId, articleId) values (7, 190);
insert ignore into Article_has_Source (sourceId, articleId) values (3, 158);
insert ignore into Article_has_Source (sourceId, articleId) values (12, 84);
insert ignore into Article_has_Source (sourceId, articleId) values (6, 160);
insert ignore into Article_has_Source (sourceId, articleId) values (9, 205);
insert ignore into Article_has_Source (sourceId, articleId) values (20, 385);
insert ignore into Article_has_Source (sourceId, articleId) values (6, 354);
insert ignore into Article_has_Source (sourceId, articleId) values (19, 255);
insert ignore into Article_has_Source (sourceId, articleId) values (9, 211);
insert ignore into Article_has_Source (sourceId, articleId) values (20, 305);
insert ignore into Article_has_Source (sourceId, articleId) values (9, 127);
insert ignore into Article_has_Source (sourceId, articleId) values (16, 137);
insert ignore into Article_has_Source (sourceId, articleId) values (6, 421);
insert ignore into Article_has_Source (sourceId, articleId) values (19, 266);
insert ignore into Article_has_Source (sourceId, articleId) values (7, 338);
insert ignore into Article_has_Source (sourceId, articleId) values (1, 318);
insert ignore into Article_has_Source (sourceId, articleId) values (3, 310);
insert ignore into Article_has_Source (sourceId, articleId) values (2, 112);
insert ignore into Article_has_Source (sourceId, articleId) values (10, 1);
insert ignore into Article_has_Source (sourceId, articleId) values (17, 247);
insert ignore into Article_has_Source (sourceId, articleId) values (16, 8);
insert ignore into Article_has_Source (sourceId, articleId) values (16, 312);
insert ignore into Article_has_Source (sourceId, articleId) values (5, 31);
insert ignore into Article_has_Source (sourceId, articleId) values (5, 350);
insert ignore into Article_has_Source (sourceId, articleId) values (20, 144);
insert ignore into Article_has_Source (sourceId, articleId) values (2, 110);
insert ignore into Article_has_Source (sourceId, articleId) values (14, 383);
insert ignore into Article_has_Source (sourceId, articleId) values (12, 385);
insert ignore into Article_has_Source (sourceId, articleId) values (13, 119);
insert ignore into Article_has_Source (sourceId, articleId) values (14, 34);
insert ignore into Article_has_Source (sourceId, articleId) values (4, 236);
insert ignore into Article_has_Source (sourceId, articleId) values (19, 42);
insert ignore into Article_has_Source (sourceId, articleId) values (15, 314);
insert ignore into Article_has_Source (sourceId, articleId) values (7, 158);
insert ignore into Article_has_Source (sourceId, articleId) values (10, 29);
insert ignore into Article_has_Source (sourceId, articleId) values (6, 249);
insert ignore into Article_has_Source (sourceId, articleId) values (12, 373);
insert ignore into Article_has_Source (sourceId, articleId) values (2, 2);
insert ignore into Article_has_Source (sourceId, articleId) values (12, 356);
insert ignore into Article_has_Source (sourceId, articleId) values (11, 409);
insert ignore into Article_has_Source (sourceId, articleId) values (6, 358);
insert ignore into Article_has_Source (sourceId, articleId) values (17, 62);
insert ignore into Article_has_Source (sourceId, articleId) values (16, 228);
insert ignore into Article_has_Source (sourceId, articleId) values (14, 336);
insert ignore into Article_has_Source (sourceId, articleId) values (14, 226);
insert ignore into Article_has_Source (sourceId, articleId) values (14, 136);
insert ignore into Article_has_Source (sourceId, articleId) values (14, 296);
insert ignore into Article_has_Source (sourceId, articleId) values (17, 1);
insert ignore into Article_has_Source (sourceId, articleId) values (9, 61);
insert ignore into Article_has_Source (sourceId, articleId) values (15, 251);
insert ignore into Article_has_Source (sourceId, articleId) values (1, 319);
insert ignore into Article_has_Source (sourceId, articleId) values (3, 294);
insert ignore into Article_has_Source (sourceId, articleId) values (17, 228);
insert ignore into Article_has_Source (sourceId, articleId) values (7, 129);
insert ignore into Article_has_Source (sourceId, articleId) values (6, 331);
insert ignore into Article_has_Source (sourceId, articleId) values (6, 41);
insert ignore into Article_has_Source (sourceId, articleId) values (17, 195);
insert ignore into Article_has_Source (sourceId, articleId) values (9, 15);
insert ignore into Article_has_Source (sourceId, articleId) values (7, 47);
insert ignore into Article_has_Source (sourceId, articleId) values (9, 109);
insert ignore into Article_has_Source (sourceId, articleId) values (8, 342);
insert ignore into Article_has_Source (sourceId, articleId) values (5, 15);
insert ignore into Article_has_Source (sourceId, articleId) values (9, 43);
insert ignore into Article_has_Source (sourceId, articleId) values (18, 408);
insert ignore into Article_has_Source (sourceId, articleId) values (14, 130);
insert ignore into Article_has_Source (sourceId, articleId) values (17, 124);
insert ignore into Article_has_Source (sourceId, articleId) values (17, 7);
insert ignore into Article_has_Source (sourceId, articleId) values (14, 257);
insert ignore into Article_has_Source (sourceId, articleId) values (4, 444);
insert ignore into Article_has_Source (sourceId, articleId) values (15, 88);
insert ignore into Article_has_Source (sourceId, articleId) values (5, 166);
insert ignore into Article_has_Source (sourceId, articleId) values (15, 379);
insert ignore into Article_has_Source (sourceId, articleId) values (16, 110);
insert ignore into Article_has_Source (sourceId, articleId) values (12, 303);
insert ignore into Article_has_Source (sourceId, articleId) values (5, 275);
insert ignore into Article_has_Source (sourceId, articleId) values (1, 380);
insert ignore into Article_has_Source (sourceId, articleId) values (13, 420);
insert ignore into Article_has_Source (sourceId, articleId) values (17, 55);
insert ignore into Article_has_Source (sourceId, articleId) values (16, 231);
insert ignore into Article_has_Source (sourceId, articleId) values (14, 172);
insert ignore into Article_has_Source (sourceId, articleId) values (4, 28);
insert ignore into Article_has_Source (sourceId, articleId) values (18, 140);
insert ignore into Article_has_Source (sourceId, articleId) values (8, 63);
insert ignore into Article_has_Source (sourceId, articleId) values (12, 401);
insert ignore into Article_has_Source (sourceId, articleId) values (13, 81);
insert ignore into Article_has_Source (sourceId, articleId) values (15, 31);
insert ignore into Article_has_Source (sourceId, articleId) values (13, 87);
insert ignore into Article_has_Source (sourceId, articleId) values (14, 22);
insert ignore into Article_has_Source (sourceId, articleId) values (14, 410);
insert ignore into Article_has_Source (sourceId, articleId) values (5, 126);
insert ignore into Article_has_Source (sourceId, articleId) values (16, 114);
insert ignore into Article_has_Source (sourceId, articleId) values (11, 153);
insert ignore into Article_has_Source (sourceId, articleId) values (4, 1);
insert ignore into Article_has_Source (sourceId, articleId) values (11, 165);
insert ignore into Article_has_Source (sourceId, articleId) values (4, 295);
insert ignore into Article_has_Source (sourceId, articleId) values (3, 379);
insert ignore into Article_has_Source (sourceId, articleId) values (3, 369);
insert ignore into Article_has_Source (sourceId, articleId) values (20, 235);
insert ignore into Article_has_Source (sourceId, articleId) values (2, 298);
insert ignore into Article_has_Source (sourceId, articleId) values (17, 63);
insert ignore into Article_has_Source (sourceId, articleId) values (10, 300);
insert ignore into Article_has_Source (sourceId, articleId) values (18, 182);
insert ignore into Article_has_Source (sourceId, articleId) values (16, 341);
insert ignore into Article_has_Source (sourceId, articleId) values (19, 244);
insert ignore into Article_has_Source (sourceId, articleId) values (17, 231);
insert ignore into Article_has_Source (sourceId, articleId) values (14, 202);
insert ignore into Article_has_Source (sourceId, articleId) values (13, 57);
insert ignore into Article_has_Source (sourceId, articleId) values (20, 147);
insert ignore into Article_has_Source (sourceId, articleId) values (6, 145);
insert ignore into Article_has_Source (sourceId, articleId) values (12, 178);
insert ignore into Article_has_Source (sourceId, articleId) values (16, 416);
insert ignore into Article_has_Source (sourceId, articleId) values (11, 187);
insert ignore into Article_has_Source (sourceId, articleId) values (15, 326);
insert ignore into Article_has_Source (sourceId, articleId) values (10, 269);
insert ignore into Article_has_Source (sourceId, articleId) values (5, 194);
insert ignore into Article_has_Source (sourceId, articleId) values (20, 272);
insert ignore into Article_has_Source (sourceId, articleId) values (19, 422);
insert ignore into Article_has_Source (sourceId, articleId) values (2, 203);
insert ignore into Article_has_Source (sourceId, articleId) values (6, 290);
insert ignore into Article_has_Source (sourceId, articleId) values (7, 116);
insert ignore into Article_has_Source (sourceId, articleId) values (15, 367);
insert ignore into Article_has_Source (sourceId, articleId) values (8, 69);
insert ignore into Article_has_Source (sourceId, articleId) values (4, 405);
insert ignore into Article_has_Source (sourceId, articleId) values (17, 310);
insert ignore into Article_has_Source (sourceId, articleId) values (15, 333);
insert ignore into Article_has_Source (sourceId, articleId) values (3, 232);
insert ignore into Article_has_Source (sourceId, articleId) values (3, 346);
insert ignore into Article_has_Source (sourceId, articleId) values (2, 378);
insert ignore into Article_has_Source (sourceId, articleId) values (20, 423);
insert ignore into Article_has_Source (sourceId, articleId) values (14, 69);
insert ignore into Article_has_Source (sourceId, articleId) values (3, 169);
insert ignore into Article_has_Source (sourceId, articleId) values (5, 424);
insert ignore into Article_has_Source (sourceId, articleId) values (9, 444);
insert ignore into Article_has_Source (sourceId, articleId) values (9, 311);
insert ignore into Article_has_Source (sourceId, articleId) values (18, 411);
insert ignore into Article_has_Source (sourceId, articleId) values (6, 151);
insert ignore into Article_has_Source (sourceId, articleId) values (12, 90);
insert ignore into Article_has_Source (sourceId, articleId) values (1, 54);
insert ignore into Article_has_Source (sourceId, articleId) values (6, 224);
insert ignore into Article_has_Source (sourceId, articleId) values (18, 363);
insert ignore into Article_has_Source (sourceId, articleId) values (4, 209);
insert ignore into Article_has_Source (sourceId, articleId) values (17, 118);
insert ignore into Article_has_Source (sourceId, articleId) values (2, 377);
insert ignore into Article_has_Source (sourceId, articleId) values (2, 19);
insert ignore into Article_has_Source (sourceId, articleId) values (2, 165);
insert ignore into Article_has_Source (sourceId, articleId) values (15, 244);
insert ignore into Article_has_Source (sourceId, articleId) values (15, 17);
insert ignore into Article_has_Source (sourceId, articleId) values (5, 97);
insert ignore into Article_has_Source (sourceId, articleId) values (16, 217);
insert ignore into Article_has_Source (sourceId, articleId) values (9, 10);
insert ignore into Article_has_Source (sourceId, articleId) values (14, 39);
insert ignore into Article_has_Source (sourceId, articleId) values (5, 431);
insert ignore into Article_has_Source (sourceId, articleId) values (2, 224);
insert ignore into Article_has_Source (sourceId, articleId) values (8, 20);
insert ignore into Article_has_Source (sourceId, articleId) values (15, 362);
insert ignore into Article_has_Source (sourceId, articleId) values (3, 404);
insert ignore into Article_has_Source (sourceId, articleId) values (15, 129);
insert ignore into Article_has_Source (sourceId, articleId) values (8, 388);
insert ignore into Article_has_Source (sourceId, articleId) values (6, 237);
insert ignore into Article_has_Source (sourceId, articleId) values (17, 292);
insert ignore into Article_has_Source (sourceId, articleId) values (19, 9);
insert ignore into Article_has_Source (sourceId, articleId) values (5, 256);
insert ignore into Article_has_Source (sourceId, articleId) values (17, 137);
insert ignore into Article_has_Source (sourceId, articleId) values (6, 425);
insert ignore into Article_has_Source (sourceId, articleId) values (3, 222);
insert ignore into Article_has_Source (sourceId, articleId) values (18, 397);
insert ignore into Article_has_Source (sourceId, articleId) values (13, 260);
insert ignore into Article_has_Source (sourceId, articleId) values (9, 116);
insert ignore into Article_has_Source (sourceId, articleId) values (3, 203);
insert ignore into Article_has_Source (sourceId, articleId) values (1, 365);
insert ignore into Article_has_Source (sourceId, articleId) values (4, 139);
insert ignore into Article_has_Source (sourceId, articleId) values (6, 375);
insert ignore into Article_has_Source (sourceId, articleId) values (18, 198);
insert ignore into Article_has_Source (sourceId, articleId) values (19, 261);
insert ignore into Article_has_Source (sourceId, articleId) values (10, 388);
insert ignore into Article_has_Source (sourceId, articleId) values (10, 189);
insert ignore into Article_has_Source (sourceId, articleId) values (16, 311);
insert ignore into Article_has_Source (sourceId, articleId) values (9, 129);
insert ignore into Article_has_Source (sourceId, articleId) values (5, 325);
insert ignore into Article_has_Source (sourceId, articleId) values (3, 395);
insert ignore into Article_has_Source (sourceId, articleId) values (17, 318);
insert ignore into Article_has_Source (sourceId, articleId) values (14, 387);
insert ignore into Article_has_Source (sourceId, articleId) values (11, 434);
insert ignore into Article_has_Source (sourceId, articleId) values (14, 373);
insert ignore into Article_has_Source (sourceId, articleId) values (11, 324);
insert ignore into Article_has_Source (sourceId, articleId) values (12, 222);
insert ignore into Article_has_Source (sourceId, articleId) values (16, 23);
insert ignore into Article_has_Source (sourceId, articleId) values (7, 154);
insert ignore into Article_has_Source (sourceId, articleId) values (7, 435);
insert ignore into Article_has_Source (sourceId, articleId) values (11, 130);
insert ignore into Article_has_Source (sourceId, articleId) values (14, 172);
insert ignore into Article_has_Source (sourceId, articleId) values (19, 47);
insert ignore into Article_has_Source (sourceId, articleId) values (3, 255);
insert ignore into Article_has_Source (sourceId, articleId) values (18, 280);
insert ignore into Article_has_Source (sourceId, articleId) values (3, 377);
insert ignore into Article_has_Source (sourceId, articleId) values (4, 197);
insert ignore into Article_has_Source (sourceId, articleId) values (6, 226);
insert ignore into Article_has_Source (sourceId, articleId) values (19, 395);
insert ignore into Article_has_Source (sourceId, articleId) values (4, 189);
insert ignore into Article_has_Source (sourceId, articleId) values (8, 397);
insert ignore into Article_has_Source (sourceId, articleId) values (13, 38);
insert ignore into Article_has_Source (sourceId, articleId) values (8, 268);
insert ignore into Article_has_Source (sourceId, articleId) values (17, 36);
insert ignore into Article_has_Source (sourceId, articleId) values (16, 14);
insert ignore into Article_has_Source (sourceId, articleId) values (6, 293);
insert ignore into Article_has_Source (sourceId, articleId) values (8, 193);
insert ignore into Article_has_Source (sourceId, articleId) values (9, 271);
insert ignore into Article_has_Source (sourceId, articleId) values (19, 212);
insert ignore into Article_has_Source (sourceId, articleId) values (8, 378);
insert ignore into Article_has_Source (sourceId, articleId) values (20, 429);
insert ignore into Article_has_Source (sourceId, articleId) values (15, 231);
insert ignore into Article_has_Source (sourceId, articleId) values (10, 365);
insert ignore into Article_has_Source (sourceId, articleId) values (13, 191);
insert ignore into Article_has_Source (sourceId, articleId) values (11, 96);
insert ignore into Article_has_Source (sourceId, articleId) values (8, 69);
insert ignore into Article_has_Source (sourceId, articleId) values (6, 124);
insert ignore into Article_has_Source (sourceId, articleId) values (15, 169);
insert ignore into Article_has_Source (sourceId, articleId) values (15, 399);
insert ignore into Article_has_Source (sourceId, articleId) values (8, 44);
insert ignore into Article_has_Source (sourceId, articleId) values (15, 401);
insert ignore into Article_has_Source (sourceId, articleId) values (14, 235);
insert ignore into Article_has_Source (sourceId, articleId) values (11, 187);
insert ignore into Article_has_Source (sourceId, articleId) values (20, 62);
insert ignore into Article_has_Source (sourceId, articleId) values (16, 448);
insert ignore into Article_has_Source (sourceId, articleId) values (2, 94);
insert ignore into Article_has_Source (sourceId, articleId) values (4, 359);
insert ignore into Article_has_Source (sourceId, articleId) values (12, 68);
insert ignore into Article_has_Source (sourceId, articleId) values (10, 165);
insert ignore into Article_has_Source (sourceId, articleId) values (8, 53);
insert ignore into Article_has_Source (sourceId, articleId) values (19, 37);
insert ignore into Article_has_Source (sourceId, articleId) values (4, 323);
insert ignore into Article_has_Source (sourceId, articleId) values (4, 252);
insert ignore into Article_has_Source (sourceId, articleId) values (11, 99);
insert ignore into Article_has_Source (sourceId, articleId) values (15, 421);
insert ignore into Article_has_Source (sourceId, articleId) values (16, 314);
insert ignore into Article_has_Source (sourceId, articleId) values (3, 43);
insert ignore into Article_has_Source (sourceId, articleId) values (13, 40);
insert ignore into Article_has_Source (sourceId, articleId) values (14, 42);
insert ignore into Article_has_Source (sourceId, articleId) values (9, 260);
insert ignore into Article_has_Source (sourceId, articleId) values (11, 383);
insert ignore into Article_has_Source (sourceId, articleId) values (12, 141);
insert ignore into Article_has_Source (sourceId, articleId) values (19, 72);
insert ignore into Article_has_Source (sourceId, articleId) values (14, 128);
insert ignore into Article_has_Source (sourceId, articleId) values (14, 315);
insert ignore into Article_has_Source (sourceId, articleId) values (3, 402);
insert ignore into Article_has_Source (sourceId, articleId) values (19, 231);
insert ignore into Article_has_Source (sourceId, articleId) values (6, 208);
insert ignore into Article_has_Source (sourceId, articleId) values (10, 385);
insert ignore into Article_has_Source (sourceId, articleId) values (7, 226);
insert ignore into Article_has_Source (sourceId, articleId) values (7, 395);
insert ignore into Article_has_Source (sourceId, articleId) values (17, 385);
insert ignore into Article_has_Source (sourceId, articleId) values (18, 313);
insert ignore into Article_has_Source (sourceId, articleId) values (17, 223);
insert ignore into Article_has_Source (sourceId, articleId) values (3, 163);
insert ignore into Article_has_Source (sourceId, articleId) values (5, 243);
insert ignore into Article_has_Source (sourceId, articleId) values (11, 436);
insert ignore into Article_has_Source (sourceId, articleId) values (19, 229);
insert ignore into Article_has_Source (sourceId, articleId) values (2, 403);
insert ignore into Article_has_Source (sourceId, articleId) values (5, 173);
insert ignore into Article_has_Source (sourceId, articleId) values (17, 64);
insert ignore into Article_has_Source (sourceId, articleId) values (17, 59);
insert ignore into Article_has_Source (sourceId, articleId) values (11, 338);
insert ignore into Article_has_Source (sourceId, articleId) values (17, 398);
insert ignore into Article_has_Source (sourceId, articleId) values (17, 230);
insert ignore into Article_has_Source (sourceId, articleId) values (7, 184);
insert ignore into Article_has_Source (sourceId, articleId) values (19, 358);
insert ignore into Article_has_Source (sourceId, articleId) values (1, 51);
insert ignore into Article_has_Source (sourceId, articleId) values (15, 433);
insert ignore into Article_has_Source (sourceId, articleId) values (11, 311);
insert ignore into Article_has_Source (sourceId, articleId) values (7, 249);
insert ignore into Article_has_Source (sourceId, articleId) values (6, 329);
insert ignore into Article_has_Source (sourceId, articleId) values (4, 45);
insert ignore into Article_has_Source (sourceId, articleId) values (3, 184);
insert ignore into Article_has_Source (sourceId, articleId) values (18, 201);
insert ignore into Article_has_Source (sourceId, articleId) values (8, 10);
insert ignore into Article_has_Source (sourceId, articleId) values (8, 328);
insert ignore into Article_has_Source (sourceId, articleId) values (18, 62);
insert ignore into Article_has_Source (sourceId, articleId) values (4, 64);
insert ignore into Article_has_Source (sourceId, articleId) values (18, 393);
insert ignore into Article_has_Source (sourceId, articleId) values (8, 284);
insert ignore into Article_has_Source (sourceId, articleId) values (6, 411);
insert ignore into Article_has_Source (sourceId, articleId) values (11, 146);
insert ignore into Article_has_Source (sourceId, articleId) values (16, 272);
insert ignore into Article_has_Source (sourceId, articleId) values (12, 292);
insert ignore into Article_has_Source (sourceId, articleId) values (3, 103);
insert ignore into Article_has_Source (sourceId, articleId) values (4, 311);
insert ignore into Article_has_Source (sourceId, articleId) values (1, 140);
insert ignore into Article_has_Source (sourceId, articleId) values (3, 202);
insert ignore into Article_has_Source (sourceId, articleId) values (7, 6);
insert ignore into Article_has_Source (sourceId, articleId) values (9, 246);
insert ignore into Article_has_Source (sourceId, articleId) values (12, 199);
insert ignore into Article_has_Source (sourceId, articleId) values (6, 403);
insert ignore into Article_has_Source (sourceId, articleId) values (20, 383);
insert ignore into Article_has_Source (sourceId, articleId) values (7, 425);
insert ignore into Article_has_Source (sourceId, articleId) values (8, 105);
insert ignore into Article_has_Source (sourceId, articleId) values (18, 80);
insert ignore into Article_has_Source (sourceId, articleId) values (4, 170);
insert ignore into Article_has_Source (sourceId, articleId) values (9, 220);
insert ignore into Article_has_Source (sourceId, articleId) values (20, 338);
insert ignore into Article_has_Source (sourceId, articleId) values (10, 166);
insert ignore into Article_has_Source (sourceId, articleId) values (7, 126);
insert ignore into Article_has_Source (sourceId, articleId) values (16, 286);
insert ignore into Article_has_Source (sourceId, articleId) values (14, 398);
insert ignore into Article_has_Source (sourceId, articleId) values (12, 150);
insert ignore into Article_has_Source (sourceId, articleId) values (4, 282);
insert ignore into Article_has_Source (sourceId, articleId) values (6, 298);
insert ignore into Article_has_Source (sourceId, articleId) values (12, 213);
insert ignore into Article_has_Source (sourceId, articleId) values (14, 310);
insert ignore into Article_has_Source (sourceId, articleId) values (3, 121);
insert ignore into Article_has_Source (sourceId, articleId) values (20, 296);
insert ignore into Article_has_Source (sourceId, articleId) values (3, 156);
insert ignore into Article_has_Source (sourceId, articleId) values (1, 126);
insert ignore into Article_has_Source (sourceId, articleId) values (7, 402);
insert ignore into Article_has_Source (sourceId, articleId) values (3, 91);
insert ignore into Article_has_Source (sourceId, articleId) values (11, 392);
insert ignore into Article_has_Source (sourceId, articleId) values (18, 214);
insert ignore into Article_has_Source (sourceId, articleId) values (15, 241);
insert ignore into Article_has_Source (sourceId, articleId) values (8, 204);
insert ignore into Article_has_Source (sourceId, articleId) values (19, 181);
insert ignore into Article_has_Source (sourceId, articleId) values (16, 308);
insert ignore into Article_has_Source (sourceId, articleId) values (18, 400);
insert ignore into Article_has_Source (sourceId, articleId) values (5, 176);
insert ignore into Article_has_Source (sourceId, articleId) values (10, 136);
insert ignore into Article_has_Source (sourceId, articleId) values (14, 203);
insert ignore into Article_has_Source (sourceId, articleId) values (13, 173);
insert ignore into Article_has_Source (sourceId, articleId) values (12, 184);
insert ignore into Article_has_Source (sourceId, articleId) values (3, 342);
insert ignore into Article_has_Source (sourceId, articleId) values (14, 306);
insert ignore into Article_has_Source (sourceId, articleId) values (20, 66);
insert ignore into Article_has_Source (sourceId, articleId) values (2, 173);
insert ignore into Article_has_Source (sourceId, articleId) values (11, 167);
insert ignore into Article_has_Source (sourceId, articleId) values (5, 422);
insert ignore into Article_has_Source (sourceId, articleId) values (11, 176);
insert ignore into Article_has_Source (sourceId, articleId) values (17, 215);
insert ignore into Article_has_Source (sourceId, articleId) values (5, 264);
insert ignore into Article_has_Source (sourceId, articleId) values (13, 368);
insert ignore into Article_has_Source (sourceId, articleId) values (18, 284);
insert ignore into Article_has_Source (sourceId, articleId) values (2, 201);
insert ignore into Article_has_Source (sourceId, articleId) values (15, 114);
insert ignore into Article_has_Source (sourceId, articleId) values (5, 403);
insert ignore into Article_has_Source (sourceId, articleId) values (16, 319);
insert ignore into Article_has_Source (sourceId, articleId) values (19, 154);
insert ignore into Article_has_Source (sourceId, articleId) values (10, 370);
insert ignore into Article_has_Source (sourceId, articleId) values (11, 422);
insert ignore into Article_has_Source (sourceId, articleId) values (16, 161);
insert ignore into Article_has_Source (sourceId, articleId) values (11, 331);
insert ignore into Article_has_Source (sourceId, articleId) values (14, 152);
insert ignore into Article_has_Source (sourceId, articleId) values (2, 164);
insert ignore into Article_has_Source (sourceId, articleId) values (6, 224);
insert ignore into Article_has_Source (sourceId, articleId) values (16, 157);
insert ignore into Article_has_Source (sourceId, articleId) values (8, 184);
insert ignore into Article_has_Source (sourceId, articleId) values (18, 25);
insert ignore into Article_has_Source (sourceId, articleId) values (11, 352);
insert ignore into Article_has_Source (sourceId, articleId) values (18, 446);
insert ignore into Article_has_Source (sourceId, articleId) values (9, 164);
insert ignore into Article_has_Source (sourceId, articleId) values (20, 4);
insert ignore into Article_has_Source (sourceId, articleId) values (1, 38);
insert ignore into Article_has_Source (sourceId, articleId) values (8, 403);
insert ignore into Article_has_Source (sourceId, articleId) values (4, 364);
insert ignore into Article_has_Source (sourceId, articleId) values (6, 383);
insert ignore into Article_has_Source (sourceId, articleId) values (19, 441);
insert ignore into Article_has_Source (sourceId, articleId) values (16, 170);
insert ignore into Article_has_Source (sourceId, articleId) values (1, 413);
insert ignore into Article_has_Source (sourceId, articleId) values (17, 306);
insert ignore into Article_has_Source (sourceId, articleId) values (3, 24);
insert ignore into Article_has_Source (sourceId, articleId) values (15, 184);
insert ignore into Article_has_Source (sourceId, articleId) values (12, 71);
insert ignore into Article_has_Source (sourceId, articleId) values (15, 448);
insert ignore into Article_has_Source (sourceId, articleId) values (10, 413);
insert ignore into Article_has_Source (sourceId, articleId) values (16, 177);
insert ignore into Article_has_Source (sourceId, articleId) values (14, 192);
insert ignore into Article_has_Source (sourceId, articleId) values (1, 419);
insert ignore into Article_has_Source (sourceId, articleId) values (10, 369);
insert ignore into Article_has_Source (sourceId, articleId) values (8, 159);
insert ignore into Article_has_Source (sourceId, articleId) values (7, 78);
insert ignore into Article_has_Source (sourceId, articleId) values (11, 9);
insert ignore into Article_has_Source (sourceId, articleId) values (18, 193);
insert ignore into Article_has_Source (sourceId, articleId) values (2, 34);
insert ignore into Article_has_Source (sourceId, articleId) values (8, 119);
insert ignore into Article_has_Source (sourceId, articleId) values (16, 294);
insert ignore into Article_has_Source (sourceId, articleId) values (11, 162);
insert ignore into Article_has_Source (sourceId, articleId) values (15, 168);
insert ignore into Article_has_Source (sourceId, articleId) values (9, 316);
insert ignore into Article_has_Source (sourceId, articleId) values (11, 31);
insert ignore into Article_has_Source (sourceId, articleId) values (4, 393);
insert ignore into Article_has_Source (sourceId, articleId) values (10, 267);
insert ignore into Article_has_Source (sourceId, articleId) values (15, 54);
insert ignore into Article_has_Source (sourceId, articleId) values (11, 437);
insert ignore into Article_has_Source (sourceId, articleId) values (3, 435);
insert ignore into Article_has_Source (sourceId, articleId) values (8, 144);
insert ignore into Article_has_Source (sourceId, articleId) values (7, 280);
insert ignore into Article_has_Source (sourceId, articleId) values (13, 315);
insert ignore into Article_has_Source (sourceId, articleId) values (16, 255);
insert ignore into Article_has_Source (sourceId, articleId) values (8, 351);
insert ignore into Article_has_Source (sourceId, articleId) values (19, 54);
insert ignore into Article_has_Source (sourceId, articleId) values (15, 132);
insert ignore into Article_has_Source (sourceId, articleId) values (20, 349);
insert ignore into Article_has_Source (sourceId, articleId) values (18, 126);
insert ignore into Article_has_Source (sourceId, articleId) values (14, 449);
insert ignore into Article_has_Source (sourceId, articleId) values (9, 13);
insert ignore into Article_has_Source (sourceId, articleId) values (16, 25);
insert ignore into Article_has_Source (sourceId, articleId) values (17, 230);
insert ignore into Article_has_Source (sourceId, articleId) values (20, 13);
insert ignore into Article_has_Source (sourceId, articleId) values (14, 52);
insert ignore into Article_has_Source (sourceId, articleId) values (20, 28);
insert ignore into Article_has_Source (sourceId, articleId) values (9, 375);
insert ignore into Article_has_Source (sourceId, articleId) values (18, 376);
insert ignore into Article_has_Source (sourceId, articleId) values (10, 182);
insert ignore into Article_has_Source (sourceId, articleId) values (5, 304);
insert ignore into Article_has_Source (sourceId, articleId) values (17, 421);
insert ignore into Article_has_Source (sourceId, articleId) values (6, 69);
insert ignore into Article_has_Source (sourceId, articleId) values (5, 438);
insert ignore into Article_has_Source (sourceId, articleId) values (14, 270);
insert ignore into Article_has_Source (sourceId, articleId) values (16, 227);
insert ignore into Article_has_Source (sourceId, articleId) values (18, 88);
insert ignore into Article_has_Source (sourceId, articleId) values (10, 230);
insert ignore into Article_has_Source (sourceId, articleId) values (11, 414);
insert ignore into Article_has_Source (sourceId, articleId) values (18, 197);





insert ignore into Article_has_Category (articleId, categoryId) values (388, 19);
insert ignore into Article_has_Category (articleId, categoryId) values (168, 8);
insert ignore into Article_has_Category (articleId, categoryId) values (324, 1);
insert ignore into Article_has_Category (articleId, categoryId) values (138, 5);
insert ignore into Article_has_Category (articleId, categoryId) values (284, 4);
insert ignore into Article_has_Category (articleId, categoryId) values (214, 20);
insert ignore into Article_has_Category (articleId, categoryId) values (182, 11);
insert ignore into Article_has_Category (articleId, categoryId) values (372, 7);
insert ignore into Article_has_Category (articleId, categoryId) values (27, 12);
insert ignore into Article_has_Category (articleId, categoryId) values (292, 7);
insert ignore into Article_has_Category (articleId, categoryId) values (443, 14);
insert ignore into Article_has_Category (articleId, categoryId) values (219, 19);
insert ignore into Article_has_Category (articleId, categoryId) values (379, 8);
insert ignore into Article_has_Category (articleId, categoryId) values (146, 11);
insert ignore into Article_has_Category (articleId, categoryId) values (254, 17);
insert ignore into Article_has_Category (articleId, categoryId) values (86, 9);
insert ignore into Article_has_Category (articleId, categoryId) values (443, 5);
insert ignore into Article_has_Category (articleId, categoryId) values (372, 3);
insert ignore into Article_has_Category (articleId, categoryId) values (225, 3);
insert ignore into Article_has_Category (articleId, categoryId) values (163, 6);
insert ignore into Article_has_Category (articleId, categoryId) values (292, 2);
insert ignore into Article_has_Category (articleId, categoryId) values (303, 4);
insert ignore into Article_has_Category (articleId, categoryId) values (14, 9);
insert ignore into Article_has_Category (articleId, categoryId) values (365, 8);
insert ignore into Article_has_Category (articleId, categoryId) values (177, 18);
insert ignore into Article_has_Category (articleId, categoryId) values (401, 18);
insert ignore into Article_has_Category (articleId, categoryId) values (129, 15);
insert ignore into Article_has_Category (articleId, categoryId) values (446, 8);
insert ignore into Article_has_Category (articleId, categoryId) values (163, 3);
insert ignore into Article_has_Category (articleId, categoryId) values (399, 4);
insert ignore into Article_has_Category (articleId, categoryId) values (449, 16);
insert ignore into Article_has_Category (articleId, categoryId) values (29, 7);
insert ignore into Article_has_Category (articleId, categoryId) values (382, 19);
insert ignore into Article_has_Category (articleId, categoryId) values (424, 11);
insert ignore into Article_has_Category (articleId, categoryId) values (401, 5);
insert ignore into Article_has_Category (articleId, categoryId) values (293, 4);
insert ignore into Article_has_Category (articleId, categoryId) values (39, 20);
insert ignore into Article_has_Category (articleId, categoryId) values (125, 19);
insert ignore into Article_has_Category (articleId, categoryId) values (379, 1);
insert ignore into Article_has_Category (articleId, categoryId) values (282, 18);
insert ignore into Article_has_Category (articleId, categoryId) values (177, 3);
insert ignore into Article_has_Category (articleId, categoryId) values (375, 18);
insert ignore into Article_has_Category (articleId, categoryId) values (124, 9);
insert ignore into Article_has_Category (articleId, categoryId) values (301, 18);
insert ignore into Article_has_Category (articleId, categoryId) values (164, 12);
insert ignore into Article_has_Category (articleId, categoryId) values (388, 15);
insert ignore into Article_has_Category (articleId, categoryId) values (278, 2);
insert ignore into Article_has_Category (articleId, categoryId) values (338, 4);
insert ignore into Article_has_Category (articleId, categoryId) values (59, 15);
insert ignore into Article_has_Category (articleId, categoryId) values (195, 16);
insert ignore into Article_has_Category (articleId, categoryId) values (450, 2);
insert ignore into Article_has_Category (articleId, categoryId) values (243, 2);
insert ignore into Article_has_Category (articleId, categoryId) values (83, 5);
insert ignore into Article_has_Category (articleId, categoryId) values (437, 9);
insert ignore into Article_has_Category (articleId, categoryId) values (326, 9);
insert ignore into Article_has_Category (articleId, categoryId) values (154, 16);
insert ignore into Article_has_Category (articleId, categoryId) values (247, 9);
insert ignore into Article_has_Category (articleId, categoryId) values (36, 9);
insert ignore into Article_has_Category (articleId, categoryId) values (39, 16);
insert ignore into Article_has_Category (articleId, categoryId) values (240, 16);
insert ignore into Article_has_Category (articleId, categoryId) values (7, 13);
insert ignore into Article_has_Category (articleId, categoryId) values (410, 5);
insert ignore into Article_has_Category (articleId, categoryId) values (22, 16);
insert ignore into Article_has_Category (articleId, categoryId) values (250, 1);
insert ignore into Article_has_Category (articleId, categoryId) values (25, 15);
insert ignore into Article_has_Category (articleId, categoryId) values (289, 20);
insert ignore into Article_has_Category (articleId, categoryId) values (354, 2);
insert ignore into Article_has_Category (articleId, categoryId) values (383, 11);
insert ignore into Article_has_Category (articleId, categoryId) values (439, 1);
insert ignore into Article_has_Category (articleId, categoryId) values (441, 19);
insert ignore into Article_has_Category (articleId, categoryId) values (258, 17);
insert ignore into Article_has_Category (articleId, categoryId) values (197, 2);
insert ignore into Article_has_Category (articleId, categoryId) values (376, 16);
insert ignore into Article_has_Category (articleId, categoryId) values (417, 5);
insert ignore into Article_has_Category (articleId, categoryId) values (352, 19);
insert ignore into Article_has_Category (articleId, categoryId) values (264, 7);
insert ignore into Article_has_Category (articleId, categoryId) values (396, 5);
insert ignore into Article_has_Category (articleId, categoryId) values (400, 15);
insert ignore into Article_has_Category (articleId, categoryId) values (22, 15);
insert ignore into Article_has_Category (articleId, categoryId) values (134, 16);
insert ignore into Article_has_Category (articleId, categoryId) values (291, 19);
insert ignore into Article_has_Category (articleId, categoryId) values (234, 10);
insert ignore into Article_has_Category (articleId, categoryId) values (80, 7);
insert ignore into Article_has_Category (articleId, categoryId) values (345, 11);
insert ignore into Article_has_Category (articleId, categoryId) values (26, 18);
insert ignore into Article_has_Category (articleId, categoryId) values (92, 1);
insert ignore into Article_has_Category (articleId, categoryId) values (422, 8);
insert ignore into Article_has_Category (articleId, categoryId) values (366, 20);
insert ignore into Article_has_Category (articleId, categoryId) values (29, 19);
insert ignore into Article_has_Category (articleId, categoryId) values (199, 11);
insert ignore into Article_has_Category (articleId, categoryId) values (11, 8);
insert ignore into Article_has_Category (articleId, categoryId) values (138, 13);
insert ignore into Article_has_Category (articleId, categoryId) values (205, 9);
insert ignore into Article_has_Category (articleId, categoryId) values (121, 3);
insert ignore into Article_has_Category (articleId, categoryId) values (363, 19);
insert ignore into Article_has_Category (articleId, categoryId) values (250, 1);
insert ignore into Article_has_Category (articleId, categoryId) values (3, 8);
insert ignore into Article_has_Category (articleId, categoryId) values (124, 18);
insert ignore into Article_has_Category (articleId, categoryId) values (93, 4);
insert ignore into Article_has_Category (articleId, categoryId) values (312, 1);
insert ignore into Article_has_Category (articleId, categoryId) values (188, 13);
insert ignore into Article_has_Category (articleId, categoryId) values (286, 15);
insert ignore into Article_has_Category (articleId, categoryId) values (69, 17);
insert ignore into Article_has_Category (articleId, categoryId) values (189, 15);
insert ignore into Article_has_Category (articleId, categoryId) values (303, 2);
insert ignore into Article_has_Category (articleId, categoryId) values (256, 13);
insert ignore into Article_has_Category (articleId, categoryId) values (310, 4);
insert ignore into Article_has_Category (articleId, categoryId) values (16, 11);
insert ignore into Article_has_Category (articleId, categoryId) values (88, 9);
insert ignore into Article_has_Category (articleId, categoryId) values (273, 3);
insert ignore into Article_has_Category (articleId, categoryId) values (294, 15);
insert ignore into Article_has_Category (articleId, categoryId) values (128, 20);
insert ignore into Article_has_Category (articleId, categoryId) values (29, 18);
insert ignore into Article_has_Category (articleId, categoryId) values (356, 1);
insert ignore into Article_has_Category (articleId, categoryId) values (388, 4);
insert ignore into Article_has_Category (articleId, categoryId) values (46, 16);
insert ignore into Article_has_Category (articleId, categoryId) values (218, 7);
insert ignore into Article_has_Category (articleId, categoryId) values (361, 5);
insert ignore into Article_has_Category (articleId, categoryId) values (64, 17);
insert ignore into Article_has_Category (articleId, categoryId) values (251, 13);
insert ignore into Article_has_Category (articleId, categoryId) values (265, 9);
insert ignore into Article_has_Category (articleId, categoryId) values (94, 5);
insert ignore into Article_has_Category (articleId, categoryId) values (290, 9);
insert ignore into Article_has_Category (articleId, categoryId) values (420, 14);
insert ignore into Article_has_Category (articleId, categoryId) values (2, 13);
insert ignore into Article_has_Category (articleId, categoryId) values (296, 20);
insert ignore into Article_has_Category (articleId, categoryId) values (124, 14);
insert ignore into Article_has_Category (articleId, categoryId) values (241, 15);
insert ignore into Article_has_Category (articleId, categoryId) values (419, 13);
insert ignore into Article_has_Category (articleId, categoryId) values (140, 6);
insert ignore into Article_has_Category (articleId, categoryId) values (365, 5);
insert ignore into Article_has_Category (articleId, categoryId) values (144, 9);
insert ignore into Article_has_Category (articleId, categoryId) values (326, 10);
insert ignore into Article_has_Category (articleId, categoryId) values (232, 1);
insert ignore into Article_has_Category (articleId, categoryId) values (324, 12);
insert ignore into Article_has_Category (articleId, categoryId) values (406, 2);
insert ignore into Article_has_Category (articleId, categoryId) values (361, 18);
insert ignore into Article_has_Category (articleId, categoryId) values (63, 12);
insert ignore into Article_has_Category (articleId, categoryId) values (23, 11);
insert ignore into Article_has_Category (articleId, categoryId) values (414, 15);
insert ignore into Article_has_Category (articleId, categoryId) values (169, 11);
insert ignore into Article_has_Category (articleId, categoryId) values (166, 10);
insert ignore into Article_has_Category (articleId, categoryId) values (149, 19);
insert ignore into Article_has_Category (articleId, categoryId) values (401, 11);
insert ignore into Article_has_Category (articleId, categoryId) values (411, 20);
insert ignore into Article_has_Category (articleId, categoryId) values (324, 18);
insert ignore into Article_has_Category (articleId, categoryId) values (199, 10);
insert ignore into Article_has_Category (articleId, categoryId) values (147, 9);
insert ignore into Article_has_Category (articleId, categoryId) values (162, 8);
insert ignore into Article_has_Category (articleId, categoryId) values (109, 16);
insert ignore into Article_has_Category (articleId, categoryId) values (347, 4);
insert ignore into Article_has_Category (articleId, categoryId) values (376, 1);
insert ignore into Article_has_Category (articleId, categoryId) values (258, 2);
insert ignore into Article_has_Category (articleId, categoryId) values (49, 18);
insert ignore into Article_has_Category (articleId, categoryId) values (240, 7);
insert ignore into Article_has_Category (articleId, categoryId) values (374, 8);
insert ignore into Article_has_Category (articleId, categoryId) values (164, 9);
insert ignore into Article_has_Category (articleId, categoryId) values (45, 13);
insert ignore into Article_has_Category (articleId, categoryId) values (373, 15);
insert ignore into Article_has_Category (articleId, categoryId) values (436, 15);
insert ignore into Article_has_Category (articleId, categoryId) values (174, 1);
insert ignore into Article_has_Category (articleId, categoryId) values (167, 7);
insert ignore into Article_has_Category (articleId, categoryId) values (128, 4);
insert ignore into Article_has_Category (articleId, categoryId) values (366, 9);
insert ignore into Article_has_Category (articleId, categoryId) values (393, 17);
insert ignore into Article_has_Category (articleId, categoryId) values (341, 2);
insert ignore into Article_has_Category (articleId, categoryId) values (169, 17);
insert ignore into Article_has_Category (articleId, categoryId) values (433, 5);
insert ignore into Article_has_Category (articleId, categoryId) values (402, 15);
insert ignore into Article_has_Category (articleId, categoryId) values (381, 13);
insert ignore into Article_has_Category (articleId, categoryId) values (394, 13);
insert ignore into Article_has_Category (articleId, categoryId) values (324, 12);
insert ignore into Article_has_Category (articleId, categoryId) values (265, 5);
insert ignore into Article_has_Category (articleId, categoryId) values (11, 13);
insert ignore into Article_has_Category (articleId, categoryId) values (302, 15);
insert ignore into Article_has_Category (articleId, categoryId) values (359, 8);
insert ignore into Article_has_Category (articleId, categoryId) values (168, 15);
insert ignore into Article_has_Category (articleId, categoryId) values (427, 8);
insert ignore into Article_has_Category (articleId, categoryId) values (147, 3);
insert ignore into Article_has_Category (articleId, categoryId) values (168, 17);
insert ignore into Article_has_Category (articleId, categoryId) values (416, 9);
insert ignore into Article_has_Category (articleId, categoryId) values (365, 2);
insert ignore into Article_has_Category (articleId, categoryId) values (257, 14);
insert ignore into Article_has_Category (articleId, categoryId) values (387, 10);
insert ignore into Article_has_Category (articleId, categoryId) values (251, 10);
insert ignore into Article_has_Category (articleId, categoryId) values (41, 13);
insert ignore into Article_has_Category (articleId, categoryId) values (356, 18);
insert ignore into Article_has_Category (articleId, categoryId) values (440, 9);
insert ignore into Article_has_Category (articleId, categoryId) values (424, 5);
insert ignore into Article_has_Category (articleId, categoryId) values (250, 20);
insert ignore into Article_has_Category (articleId, categoryId) values (408, 1);
insert ignore into Article_has_Category (articleId, categoryId) values (372, 7);
insert ignore into Article_has_Category (articleId, categoryId) values (413, 12);
insert ignore into Article_has_Category (articleId, categoryId) values (223, 7);
insert ignore into Article_has_Category (articleId, categoryId) values (386, 3);
insert ignore into Article_has_Category (articleId, categoryId) values (370, 16);
insert ignore into Article_has_Category (articleId, categoryId) values (400, 4);
insert ignore into Article_has_Category (articleId, categoryId) values (28, 6);
insert ignore into Article_has_Category (articleId, categoryId) values (6, 4);
insert ignore into Article_has_Category (articleId, categoryId) values (77, 2);
insert ignore into Article_has_Category (articleId, categoryId) values (14, 12);
insert ignore into Article_has_Category (articleId, categoryId) values (316, 7);
insert ignore into Article_has_Category (articleId, categoryId) values (329, 5);
insert ignore into Article_has_Category (articleId, categoryId) values (112, 12);
insert ignore into Article_has_Category (articleId, categoryId) values (425, 7);
insert ignore into Article_has_Category (articleId, categoryId) values (120, 15);
insert ignore into Article_has_Category (articleId, categoryId) values (140, 4);
insert ignore into Article_has_Category (articleId, categoryId) values (274, 1);
insert ignore into Article_has_Category (articleId, categoryId) values (200, 2);
insert ignore into Article_has_Category (articleId, categoryId) values (352, 18);
insert ignore into Article_has_Category (articleId, categoryId) values (86, 1);
insert ignore into Article_has_Category (articleId, categoryId) values (273, 7);
insert ignore into Article_has_Category (articleId, categoryId) values (260, 19);
insert ignore into Article_has_Category (articleId, categoryId) values (152, 4);
insert ignore into Article_has_Category (articleId, categoryId) values (248, 18);
insert ignore into Article_has_Category (articleId, categoryId) values (325, 15);
insert ignore into Article_has_Category (articleId, categoryId) values (378, 13);
insert ignore into Article_has_Category (articleId, categoryId) values (138, 3);
insert ignore into Article_has_Category (articleId, categoryId) values (448, 20);
insert ignore into Article_has_Category (articleId, categoryId) values (208, 19);
insert ignore into Article_has_Category (articleId, categoryId) values (110, 7);
insert ignore into Article_has_Category (articleId, categoryId) values (417, 12);
insert ignore into Article_has_Category (articleId, categoryId) values (16, 18);
insert ignore into Article_has_Category (articleId, categoryId) values (278, 7);
insert ignore into Article_has_Category (articleId, categoryId) values (368, 11);
insert ignore into Article_has_Category (articleId, categoryId) values (19, 8);
insert ignore into Article_has_Category (articleId, categoryId) values (225, 13);
insert ignore into Article_has_Category (articleId, categoryId) values (22, 19);
insert ignore into Article_has_Category (articleId, categoryId) values (290, 8);
insert ignore into Article_has_Category (articleId, categoryId) values (18, 3);
insert ignore into Article_has_Category (articleId, categoryId) values (53, 9);
insert ignore into Article_has_Category (articleId, categoryId) values (441, 15);
insert ignore into Article_has_Category (articleId, categoryId) values (262, 13);
insert ignore into Article_has_Category (articleId, categoryId) values (264, 18);
insert ignore into Article_has_Category (articleId, categoryId) values (180, 20);
insert ignore into Article_has_Category (articleId, categoryId) values (5, 18);
insert ignore into Article_has_Category (articleId, categoryId) values (384, 19);
insert ignore into Article_has_Category (articleId, categoryId) values (390, 12);
insert ignore into Article_has_Category (articleId, categoryId) values (387, 4);
insert ignore into Article_has_Category (articleId, categoryId) values (116, 16);
insert ignore into Article_has_Category (articleId, categoryId) values (285, 11);
insert ignore into Article_has_Category (articleId, categoryId) values (17, 16);
insert ignore into Article_has_Category (articleId, categoryId) values (89, 14);
insert ignore into Article_has_Category (articleId, categoryId) values (244, 7);
insert ignore into Article_has_Category (articleId, categoryId) values (79, 14);
insert ignore into Article_has_Category (articleId, categoryId) values (17, 9);
insert ignore into Article_has_Category (articleId, categoryId) values (305, 9);
insert ignore into Article_has_Category (articleId, categoryId) values (390, 10);
insert ignore into Article_has_Category (articleId, categoryId) values (269, 13);
insert ignore into Article_has_Category (articleId, categoryId) values (334, 10);
insert ignore into Article_has_Category (articleId, categoryId) values (304, 12);
insert ignore into Article_has_Category (articleId, categoryId) values (407, 14);
insert ignore into Article_has_Category (articleId, categoryId) values (83, 2);
insert ignore into Article_has_Category (articleId, categoryId) values (271, 15);
insert ignore into Article_has_Category (articleId, categoryId) values (53, 11);
insert ignore into Article_has_Category (articleId, categoryId) values (377, 2);
insert ignore into Article_has_Category (articleId, categoryId) values (352, 18);
insert ignore into Article_has_Category (articleId, categoryId) values (391, 1);
insert ignore into Article_has_Category (articleId, categoryId) values (83, 1);
insert ignore into Article_has_Category (articleId, categoryId) values (109, 11);
insert ignore into Article_has_Category (articleId, categoryId) values (200, 5);
insert ignore into Article_has_Category (articleId, categoryId) values (448, 1);
insert ignore into Article_has_Category (articleId, categoryId) values (247, 12);
insert ignore into Article_has_Category (articleId, categoryId) values (75, 4);
insert ignore into Article_has_Category (articleId, categoryId) values (301, 12);
insert ignore into Article_has_Category (articleId, categoryId) values (50, 2);
insert ignore into Article_has_Category (articleId, categoryId) values (85, 18);
insert ignore into Article_has_Category (articleId, categoryId) values (442, 16);
insert ignore into Article_has_Category (articleId, categoryId) values (318, 7);
insert ignore into Article_has_Category (articleId, categoryId) values (280, 9);
insert ignore into Article_has_Category (articleId, categoryId) values (366, 19);
insert ignore into Article_has_Category (articleId, categoryId) values (342, 18);
insert ignore into Article_has_Category (articleId, categoryId) values (429, 15);
insert ignore into Article_has_Category (articleId, categoryId) values (87, 13);
insert ignore into Article_has_Category (articleId, categoryId) values (8, 6);
insert ignore into Article_has_Category (articleId, categoryId) values (249, 5);
insert ignore into Article_has_Category (articleId, categoryId) values (226, 13);
insert ignore into Article_has_Category (articleId, categoryId) values (58, 10);
insert ignore into Article_has_Category (articleId, categoryId) values (108, 3);
insert ignore into Article_has_Category (articleId, categoryId) values (14, 8);
insert ignore into Article_has_Category (articleId, categoryId) values (284, 12);
insert ignore into Article_has_Category (articleId, categoryId) values (387, 13);
insert ignore into Article_has_Category (articleId, categoryId) values (301, 18);
insert ignore into Article_has_Category (articleId, categoryId) values (252, 10);
insert ignore into Article_has_Category (articleId, categoryId) values (57, 9);
insert ignore into Article_has_Category (articleId, categoryId) values (127, 11);
insert ignore into Article_has_Category (articleId, categoryId) values (438, 17);
insert ignore into Article_has_Category (articleId, categoryId) values (30, 8);
insert ignore into Article_has_Category (articleId, categoryId) values (129, 11);
insert ignore into Article_has_Category (articleId, categoryId) values (285, 15);
insert ignore into Article_has_Category (articleId, categoryId) values (233, 11);
insert ignore into Article_has_Category (articleId, categoryId) values (355, 6);
insert ignore into Article_has_Category (articleId, categoryId) values (118, 3);
insert ignore into Article_has_Category (articleId, categoryId) values (250, 14);
insert ignore into Article_has_Category (articleId, categoryId) values (370, 15);
insert ignore into Article_has_Category (articleId, categoryId) values (251, 13);
insert ignore into Article_has_Category (articleId, categoryId) values (445, 5);
insert ignore into Article_has_Category (articleId, categoryId) values (186, 18);
insert ignore into Article_has_Category (articleId, categoryId) values (396, 7);
insert ignore into Article_has_Category (articleId, categoryId) values (254, 14);
insert ignore into Article_has_Category (articleId, categoryId) values (71, 14);
insert ignore into Article_has_Category (articleId, categoryId) values (137, 13);
insert ignore into Article_has_Category (articleId, categoryId) values (24, 5);
insert ignore into Article_has_Category (articleId, categoryId) values (144, 5);
insert ignore into Article_has_Category (articleId, categoryId) values (82, 6);
insert ignore into Article_has_Category (articleId, categoryId) values (364, 16);
insert ignore into Article_has_Category (articleId, categoryId) values (386, 20);
insert ignore into Article_has_Category (articleId, categoryId) values (41, 4);
insert ignore into Article_has_Category (articleId, categoryId) values (240, 7);
insert ignore into Article_has_Category (articleId, categoryId) values (70, 8);
insert ignore into Article_has_Category (articleId, categoryId) values (316, 4);
insert ignore into Article_has_Category (articleId, categoryId) values (126, 6);
insert ignore into Article_has_Category (articleId, categoryId) values (301, 7);
insert ignore into Article_has_Category (articleId, categoryId) values (43, 6);
insert ignore into Article_has_Category (articleId, categoryId) values (289, 3);
insert ignore into Article_has_Category (articleId, categoryId) values (149, 6);
insert ignore into Article_has_Category (articleId, categoryId) values (95, 11);
insert ignore into Article_has_Category (articleId, categoryId) values (183, 16);
insert ignore into Article_has_Category (articleId, categoryId) values (65, 20);
insert ignore into Article_has_Category (articleId, categoryId) values (213, 15);
insert ignore into Article_has_Category (articleId, categoryId) values (187, 16);
insert ignore into Article_has_Category (articleId, categoryId) values (195, 17);
insert ignore into Article_has_Category (articleId, categoryId) values (187, 2);
insert ignore into Article_has_Category (articleId, categoryId) values (243, 4);
insert ignore into Article_has_Category (articleId, categoryId) values (430, 3);
insert ignore into Article_has_Category (articleId, categoryId) values (352, 17);
insert ignore into Article_has_Category (articleId, categoryId) values (21, 9);
insert ignore into Article_has_Category (articleId, categoryId) values (300, 9);
insert ignore into Article_has_Category (articleId, categoryId) values (136, 3);
insert ignore into Article_has_Category (articleId, categoryId) values (7, 7);
insert ignore into Article_has_Category (articleId, categoryId) values (232, 6);
insert ignore into Article_has_Category (articleId, categoryId) values (193, 20);
insert ignore into Article_has_Category (articleId, categoryId) values (440, 15);
insert ignore into Article_has_Category (articleId, categoryId) values (6, 7);
insert ignore into Article_has_Category (articleId, categoryId) values (114, 18);
insert ignore into Article_has_Category (articleId, categoryId) values (241, 7);
insert ignore into Article_has_Category (articleId, categoryId) values (381, 16);
insert ignore into Article_has_Category (articleId, categoryId) values (408, 14);
insert ignore into Article_has_Category (articleId, categoryId) values (98, 17);
insert ignore into Article_has_Category (articleId, categoryId) values (70, 18);
insert ignore into Article_has_Category (articleId, categoryId) values (265, 1);
insert ignore into Article_has_Category (articleId, categoryId) values (340, 3);
insert ignore into Article_has_Category (articleId, categoryId) values (269, 13);
insert ignore into Article_has_Category (articleId, categoryId) values (66, 11);
insert ignore into Article_has_Category (articleId, categoryId) values (190, 1);
insert ignore into Article_has_Category (articleId, categoryId) values (123, 19);
insert ignore into Article_has_Category (articleId, categoryId) values (282, 1);
insert ignore into Article_has_Category (articleId, categoryId) values (216, 9);
insert ignore into Article_has_Category (articleId, categoryId) values (314, 2);
insert ignore into Article_has_Category (articleId, categoryId) values (176, 8);
insert ignore into Article_has_Category (articleId, categoryId) values (112, 7);
insert ignore into Article_has_Category (articleId, categoryId) values (81, 7);
insert ignore into Article_has_Category (articleId, categoryId) values (195, 4);
insert ignore into Article_has_Category (articleId, categoryId) values (422, 20);
insert ignore into Article_has_Category (articleId, categoryId) values (166, 18);
insert ignore into Article_has_Category (articleId, categoryId) values (238, 4);
insert ignore into Article_has_Category (articleId, categoryId) values (154, 20);
insert ignore into Article_has_Category (articleId, categoryId) values (23, 20);
insert ignore into Article_has_Category (articleId, categoryId) values (223, 6);
insert ignore into Article_has_Category (articleId, categoryId) values (87, 6);
insert ignore into Article_has_Category (articleId, categoryId) values (319, 15);
insert ignore into Article_has_Category (articleId, categoryId) values (428, 19);
insert ignore into Article_has_Category (articleId, categoryId) values (11, 15);
insert ignore into Article_has_Category (articleId, categoryId) values (217, 5);
insert ignore into Article_has_Category (articleId, categoryId) values (178, 12);
insert ignore into Article_has_Category (articleId, categoryId) values (330, 2);
insert ignore into Article_has_Category (articleId, categoryId) values (359, 19);
insert ignore into Article_has_Category (articleId, categoryId) values (311, 2);
insert ignore into Article_has_Category (articleId, categoryId) values (169, 4);
insert ignore into Article_has_Category (articleId, categoryId) values (73, 17);
insert ignore into Article_has_Category (articleId, categoryId) values (153, 10);
insert ignore into Article_has_Category (articleId, categoryId) values (127, 13);
insert ignore into Article_has_Category (articleId, categoryId) values (159, 18);
insert ignore into Article_has_Category (articleId, categoryId) values (45, 15);
insert ignore into Article_has_Category (articleId, categoryId) values (419, 16);
insert ignore into Article_has_Category (articleId, categoryId) values (134, 13);
insert ignore into Article_has_Category (articleId, categoryId) values (292, 9);
insert ignore into Article_has_Category (articleId, categoryId) values (166, 19);
insert ignore into Article_has_Category (articleId, categoryId) values (143, 3);
insert ignore into Article_has_Category (articleId, categoryId) values (301, 12);
insert ignore into Article_has_Category (articleId, categoryId) values (194, 17);
insert ignore into Article_has_Category (articleId, categoryId) values (183, 8);
insert ignore into Article_has_Category (articleId, categoryId) values (38, 8);
insert ignore into Article_has_Category (articleId, categoryId) values (188, 20);
insert ignore into Article_has_Category (articleId, categoryId) values (160, 10);
insert ignore into Article_has_Category (articleId, categoryId) values (278, 5);
insert ignore into Article_has_Category (articleId, categoryId) values (318, 17);
insert ignore into Article_has_Category (articleId, categoryId) values (131, 19);
insert ignore into Article_has_Category (articleId, categoryId) values (190, 17);
insert ignore into Article_has_Category (articleId, categoryId) values (184, 10);
insert ignore into Article_has_Category (articleId, categoryId) values (263, 20);
insert ignore into Article_has_Category (articleId, categoryId) values (12, 16);
insert ignore into Article_has_Category (articleId, categoryId) values (45, 13);
insert ignore into Article_has_Category (articleId, categoryId) values (87, 15);
insert ignore into Article_has_Category (articleId, categoryId) values (273, 14);
insert ignore into Article_has_Category (articleId, categoryId) values (430, 19);
insert ignore into Article_has_Category (articleId, categoryId) values (33, 20);
insert ignore into Article_has_Category (articleId, categoryId) values (264, 5);
insert ignore into Article_has_Category (articleId, categoryId) values (234, 1);
insert ignore into Article_has_Category (articleId, categoryId) values (229, 8);
insert ignore into Article_has_Category (articleId, categoryId) values (171, 14);
insert ignore into Article_has_Category (articleId, categoryId) values (198, 2);
insert ignore into Article_has_Category (articleId, categoryId) values (155, 11);
insert ignore into Article_has_Category (articleId, categoryId) values (288, 16);
insert ignore into Article_has_Category (articleId, categoryId) values (27, 6);
insert ignore into Article_has_Category (articleId, categoryId) values (145, 5);
insert ignore into Article_has_Category (articleId, categoryId) values (309, 8);
insert ignore into Article_has_Category (articleId, categoryId) values (49, 12);
insert ignore into Article_has_Category (articleId, categoryId) values (163, 19);
insert ignore into Article_has_Category (articleId, categoryId) values (296, 4);
insert ignore into Article_has_Category (articleId, categoryId) values (109, 14);
insert ignore into Article_has_Category (articleId, categoryId) values (5, 15);
insert ignore into Article_has_Category (articleId, categoryId) values (233, 6);
insert ignore into Article_has_Category (articleId, categoryId) values (183, 5);
insert ignore into Article_has_Category (articleId, categoryId) values (299, 4);
insert ignore into Article_has_Category (articleId, categoryId) values (93, 7);
insert ignore into Article_has_Category (articleId, categoryId) values (46, 16);
insert ignore into Article_has_Category (articleId, categoryId) values (54, 13);
insert ignore into Article_has_Category (articleId, categoryId) values (386, 3);
insert ignore into Article_has_Category (articleId, categoryId) values (134, 14);
insert ignore into Article_has_Category (articleId, categoryId) values (188, 10);
insert ignore into Article_has_Category (articleId, categoryId) values (289, 5);
insert ignore into Article_has_Category (articleId, categoryId) values (117, 3);
insert ignore into Article_has_Category (articleId, categoryId) values (411, 15);
insert ignore into Article_has_Category (articleId, categoryId) values (255, 15);
insert ignore into Article_has_Category (articleId, categoryId) values (184, 12);
insert ignore into Article_has_Category (articleId, categoryId) values (201, 14);
insert ignore into Article_has_Category (articleId, categoryId) values (76, 13);
insert ignore into Article_has_Category (articleId, categoryId) values (203, 16);
insert ignore into Article_has_Category (articleId, categoryId) values (168, 4);
insert ignore into Article_has_Category (articleId, categoryId) values (205, 1);
insert ignore into Article_has_Category (articleId, categoryId) values (290, 1);
insert ignore into Article_has_Category (articleId, categoryId) values (206, 10);
insert ignore into Article_has_Category (articleId, categoryId) values (398, 2);
insert ignore into Article_has_Category (articleId, categoryId) values (45, 14);
insert ignore into Article_has_Category (articleId, categoryId) values (331, 2);
insert ignore into Article_has_Category (articleId, categoryId) values (387, 8);
insert ignore into Article_has_Category (articleId, categoryId) values (424, 19);
insert ignore into Article_has_Category (articleId, categoryId) values (15, 7);
insert ignore into Article_has_Category (articleId, categoryId) values (252, 12);
insert ignore into Article_has_Category (articleId, categoryId) values (280, 3);
insert ignore into Article_has_Category (articleId, categoryId) values (448, 20);
insert ignore into Article_has_Category (articleId, categoryId) values (30, 17);
insert ignore into Article_has_Category (articleId, categoryId) values (447, 7);
insert ignore into Article_has_Category (articleId, categoryId) values (305, 16);
insert ignore into Article_has_Category (articleId, categoryId) values (270, 7);
insert ignore into Article_has_Category (articleId, categoryId) values (207, 15);
insert ignore into Article_has_Category (articleId, categoryId) values (395, 4);
insert ignore into Article_has_Category (articleId, categoryId) values (437, 7);
insert ignore into Article_has_Category (articleId, categoryId) values (178, 7);
insert ignore into Article_has_Category (articleId, categoryId) values (336, 15);
insert ignore into Article_has_Category (articleId, categoryId) values (383, 9);
insert ignore into Article_has_Category (articleId, categoryId) values (433, 14);
insert ignore into Article_has_Category (articleId, categoryId) values (350, 9);
insert ignore into Article_has_Category (articleId, categoryId) values (139, 9);
insert ignore into Article_has_Category (articleId, categoryId) values (110, 9);
insert ignore into Article_has_Category (articleId, categoryId) values (318, 20);
insert ignore into Article_has_Category (articleId, categoryId) values (334, 19);
insert ignore into Article_has_Category (articleId, categoryId) values (3, 18);
insert ignore into Article_has_Category (articleId, categoryId) values (329, 13);
insert ignore into Article_has_Category (articleId, categoryId) values (24, 7);
insert ignore into Article_has_Category (articleId, categoryId) values (277, 12);
insert ignore into Article_has_Category (articleId, categoryId) values (361, 3);
insert ignore into Article_has_Category (articleId, categoryId) values (443, 9);
insert ignore into Article_has_Category (articleId, categoryId) values (192, 6);
insert ignore into Article_has_Category (articleId, categoryId) values (377, 3);
insert ignore into Article_has_Category (articleId, categoryId) values (381, 3);
insert ignore into Article_has_Category (articleId, categoryId) values (116, 19);
insert ignore into Article_has_Category (articleId, categoryId) values (401, 8);
insert ignore into Article_has_Category (articleId, categoryId) values (274, 19);
insert ignore into Article_has_Category (articleId, categoryId) values (115, 2);
insert ignore into Article_has_Category (articleId, categoryId) values (157, 12);
insert ignore into Article_has_Category (articleId, categoryId) values (177, 18);
insert ignore into Article_has_Category (articleId, categoryId) values (197, 12);
insert ignore into Article_has_Category (articleId, categoryId) values (32, 17);
insert ignore into Article_has_Category (articleId, categoryId) values (230, 16);
insert ignore into Article_has_Category (articleId, categoryId) values (138, 3);
insert ignore into Article_has_Category (articleId, categoryId) values (384, 12);
insert ignore into Article_has_Category (articleId, categoryId) values (36, 5);
insert ignore into Article_has_Category (articleId, categoryId) values (150, 9);
insert ignore into Article_has_Category (articleId, categoryId) values (55, 7);
insert ignore into Article_has_Category (articleId, categoryId) values (421, 20);
insert ignore into Article_has_Category (articleId, categoryId) values (259, 9);
insert ignore into Article_has_Category (articleId, categoryId) values (42, 11);
insert ignore into Article_has_Category (articleId, categoryId) values (309, 17);
insert ignore into Article_has_Category (articleId, categoryId) values (424, 2);
insert ignore into Article_has_Category (articleId, categoryId) values (284, 8);
insert ignore into Article_has_Category (articleId, categoryId) values (124, 9);
insert ignore into Article_has_Category (articleId, categoryId) values (289, 16);
insert ignore into Article_has_Category (articleId, categoryId) values (274, 8);
insert ignore into Article_has_Category (articleId, categoryId) values (106, 19);
insert ignore into Article_has_Category (articleId, categoryId) values (65, 16);
insert ignore into Article_has_Category (articleId, categoryId) values (20, 13);
insert ignore into Article_has_Category (articleId, categoryId) values (430, 13);
insert ignore into Article_has_Category (articleId, categoryId) values (301, 15);
insert ignore into Article_has_Category (articleId, categoryId) values (432, 15);
insert ignore into Article_has_Category (articleId, categoryId) values (253, 18);
insert ignore into Article_has_Category (articleId, categoryId) values (407, 2);
insert ignore into Article_has_Category (articleId, categoryId) values (344, 16);
insert ignore into Article_has_Category (articleId, categoryId) values (259, 19);
insert ignore into Article_has_Category (articleId, categoryId) values (336, 5);
insert ignore into Article_has_Category (articleId, categoryId) values (216, 15);
insert ignore into Article_has_Category (articleId, categoryId) values (399, 1);
insert ignore into Article_has_Category (articleId, categoryId) values (434, 13);
insert ignore into Article_has_Category (articleId, categoryId) values (158, 5);
insert ignore into Article_has_Category (articleId, categoryId) values (413, 11);
insert ignore into Article_has_Category (articleId, categoryId) values (98, 11);
insert ignore into Article_has_Category (articleId, categoryId) values (433, 8);
insert ignore into Article_has_Category (articleId, categoryId) values (212, 1);
insert ignore into Article_has_Category (articleId, categoryId) values (256, 2);
insert ignore into Article_has_Category (articleId, categoryId) values (267, 20);
insert ignore into Article_has_Category (articleId, categoryId) values (207, 8);
insert ignore into Article_has_Category (articleId, categoryId) values (23, 17);
insert ignore into Article_has_Category (articleId, categoryId) values (37, 20);
insert ignore into Article_has_Category (articleId, categoryId) values (127, 5);
insert ignore into Article_has_Category (articleId, categoryId) values (225, 4);
insert ignore into Article_has_Category (articleId, categoryId) values (348, 1);
insert ignore into Article_has_Category (articleId, categoryId) values (296, 20);
insert ignore into Article_has_Category (articleId, categoryId) values (130, 8);
insert ignore into Article_has_Category (articleId, categoryId) values (402, 12);
insert ignore into Article_has_Category (articleId, categoryId) values (260, 20);
insert ignore into Article_has_Category (articleId, categoryId) values (223, 11);
insert ignore into Article_has_Category (articleId, categoryId) values (229, 12);
insert ignore into Article_has_Category (articleId, categoryId) values (409, 6);
insert ignore into Article_has_Category (articleId, categoryId) values (25, 11);
insert ignore into Article_has_Category (articleId, categoryId) values (79, 14);
insert ignore into Article_has_Category (articleId, categoryId) values (130, 1);
insert ignore into Article_has_Category (articleId, categoryId) values (74, 11);
insert ignore into Article_has_Category (articleId, categoryId) values (74, 7);
insert ignore into Article_has_Category (articleId, categoryId) values (121, 9);
insert ignore into Article_has_Category (articleId, categoryId) values (35, 13);
insert ignore into Article_has_Category (articleId, categoryId) values (329, 1);
insert ignore into Article_has_Category (articleId, categoryId) values (176, 18);
insert ignore into Article_has_Category (articleId, categoryId) values (269, 7);
insert ignore into Article_has_Category (articleId, categoryId) values (423, 1);
insert ignore into Article_has_Category (articleId, categoryId) values (236, 19);
insert ignore into Article_has_Category (articleId, categoryId) values (401, 10);
insert ignore into Article_has_Category (articleId, categoryId) values (436, 13);
insert ignore into Article_has_Category (articleId, categoryId) values (86, 13);
insert ignore into Article_has_Category (articleId, categoryId) values (303, 13);
insert ignore into Article_has_Category (articleId, categoryId) values (3, 5);
insert ignore into Article_has_Category (articleId, categoryId) values (434, 18);
insert ignore into Article_has_Category (articleId, categoryId) values (232, 3);
insert ignore into Article_has_Category (articleId, categoryId) values (314, 7);
insert ignore into Article_has_Category (articleId, categoryId) values (377, 20);
insert ignore into Article_has_Category (articleId, categoryId) values (263, 7);
insert ignore into Article_has_Category (articleId, categoryId) values (368, 18);
insert ignore into Article_has_Category (articleId, categoryId) values (104, 6);
insert ignore into Article_has_Category (articleId, categoryId) values (290, 15);
insert ignore into Article_has_Category (articleId, categoryId) values (116, 5);
insert ignore into Article_has_Category (articleId, categoryId) values (445, 11);
insert ignore into Article_has_Category (articleId, categoryId) values (182, 10);
insert ignore into Article_has_Category (articleId, categoryId) values (245, 1);
insert ignore into Article_has_Category (articleId, categoryId) values (52, 13);
insert ignore into Article_has_Category (articleId, categoryId) values (446, 19);
insert ignore into Article_has_Category (articleId, categoryId) values (180, 5);
insert ignore into Article_has_Category (articleId, categoryId) values (115, 2);
insert ignore into Article_has_Category (articleId, categoryId) values (320, 4);
insert ignore into Article_has_Category (articleId, categoryId) values (292, 2);
insert ignore into Article_has_Category (articleId, categoryId) values (425, 8);
insert ignore into Article_has_Category (articleId, categoryId) values (306, 10);
insert ignore into Article_has_Category (articleId, categoryId) values (233, 11);
insert ignore into Article_has_Category (articleId, categoryId) values (406, 7);
insert ignore into Article_has_Category (articleId, categoryId) values (117, 10);
insert ignore into Article_has_Category (articleId, categoryId) values (187, 14);
insert ignore into Article_has_Category (articleId, categoryId) values (305, 9);
insert ignore into Article_has_Category (articleId, categoryId) values (336, 2);
insert ignore into Article_has_Category (articleId, categoryId) values (380, 17);
insert ignore into Article_has_Category (articleId, categoryId) values (137, 8);
insert ignore into Article_has_Category (articleId, categoryId) values (232, 8);
insert ignore into Article_has_Category (articleId, categoryId) values (39, 7);
insert ignore into Article_has_Category (articleId, categoryId) values (336, 17);
insert ignore into Article_has_Category (articleId, categoryId) values (341, 18);
insert ignore into Article_has_Category (articleId, categoryId) values (377, 4);
insert ignore into Article_has_Category (articleId, categoryId) values (315, 14);
insert ignore into Article_has_Category (articleId, categoryId) values (216, 2);
insert ignore into Article_has_Category (articleId, categoryId) values (112, 18);
insert ignore into Article_has_Category (articleId, categoryId) values (62, 6);
insert ignore into Article_has_Category (articleId, categoryId) values (332, 11);
insert ignore into Article_has_Category (articleId, categoryId) values (79, 15);
insert ignore into Article_has_Category (articleId, categoryId) values (61, 10);
insert ignore into Article_has_Category (articleId, categoryId) values (262, 13);
insert ignore into Article_has_Category (articleId, categoryId) values (268, 3);
insert ignore into Article_has_Category (articleId, categoryId) values (449, 8);
insert ignore into Article_has_Category (articleId, categoryId) values (5, 15);
insert ignore into Article_has_Category (articleId, categoryId) values (347, 1);
insert ignore into Article_has_Category (articleId, categoryId) values (433, 9);
insert ignore into Article_has_Category (articleId, categoryId) values (206, 20);
insert ignore into Article_has_Category (articleId, categoryId) values (61, 11);
insert ignore into Article_has_Category (articleId, categoryId) values (79, 1);
insert ignore into Article_has_Category (articleId, categoryId) values (345, 4);
insert ignore into Article_has_Category (articleId, categoryId) values (131, 20);
insert ignore into Article_has_Category (articleId, categoryId) values (5, 20);
insert ignore into Article_has_Category (articleId, categoryId) values (9, 2);
insert ignore into Article_has_Category (articleId, categoryId) values (54, 20);
insert ignore into Article_has_Category (articleId, categoryId) values (236, 6);
insert ignore into Article_has_Category (articleId, categoryId) values (51, 20);
insert ignore into Article_has_Category (articleId, categoryId) values (295, 19);
insert ignore into Article_has_Category (articleId, categoryId) values (171, 18);
insert ignore into Article_has_Category (articleId, categoryId) values (7, 2);
insert ignore into Article_has_Category (articleId, categoryId) values (4, 6);
insert ignore into Article_has_Category (articleId, categoryId) values (108, 10);
insert ignore into Article_has_Category (articleId, categoryId) values (247, 1);
insert ignore into Article_has_Category (articleId, categoryId) values (41, 11);
insert ignore into Article_has_Category (articleId, categoryId) values (263, 5);
insert ignore into Article_has_Category (articleId, categoryId) values (323, 16);
insert ignore into Article_has_Category (articleId, categoryId) values (161, 13);
insert ignore into Article_has_Category (articleId, categoryId) values (273, 4);
insert ignore into Article_has_Category (articleId, categoryId) values (286, 20);
insert ignore into Article_has_Category (articleId, categoryId) values (308, 7);
insert ignore into Article_has_Category (articleId, categoryId) values (248, 18);
insert ignore into Article_has_Category (articleId, categoryId) values (71, 7);
insert ignore into Article_has_Category (articleId, categoryId) values (90, 4);
insert ignore into Article_has_Category (articleId, categoryId) values (449, 14);
insert ignore into Article_has_Category (articleId, categoryId) values (412, 3);
insert ignore into Article_has_Category (articleId, categoryId) values (390, 14);
insert ignore into Article_has_Category (articleId, categoryId) values (332, 12);
insert ignore into Article_has_Category (articleId, categoryId) values (236, 19);
insert ignore into Article_has_Category (articleId, categoryId) values (57, 8);
insert ignore into Article_has_Category (articleId, categoryId) values (377, 2);
insert ignore into Article_has_Category (articleId, categoryId) values (236, 18);
insert ignore into Article_has_Category (articleId, categoryId) values (154, 17);
insert ignore into Article_has_Category (articleId, categoryId) values (71, 16);
insert ignore into Article_has_Category (articleId, categoryId) values (444, 13);
insert ignore into Article_has_Category (articleId, categoryId) values (345, 8);
insert ignore into Article_has_Category (articleId, categoryId) values (268, 12);
insert ignore into Article_has_Category (articleId, categoryId) values (65, 17);
insert ignore into Article_has_Category (articleId, categoryId) values (361, 7);
insert ignore into Article_has_Category (articleId, categoryId) values (241, 1);
insert ignore into Article_has_Category (articleId, categoryId) values (45, 6);
insert ignore into Article_has_Category (articleId, categoryId) values (88, 19);
insert ignore into Article_has_Category (articleId, categoryId) values (285, 16);
insert ignore into Article_has_Category (articleId, categoryId) values (56, 19);
insert ignore into Article_has_Category (articleId, categoryId) values (44, 1);
insert ignore into Article_has_Category (articleId, categoryId) values (7, 14);
insert ignore into Article_has_Category (articleId, categoryId) values (400, 16);
insert ignore into Article_has_Category (articleId, categoryId) values (418, 19);
insert ignore into Article_has_Category (articleId, categoryId) values (138, 16);
insert ignore into Article_has_Category (articleId, categoryId) values (20, 5);
insert ignore into Article_has_Category (articleId, categoryId) values (170, 7);
insert ignore into Article_has_Category (articleId, categoryId) values (95, 1);
insert ignore into Article_has_Category (articleId, categoryId) values (137, 5);
insert ignore into Article_has_Category (articleId, categoryId) values (25, 20);
insert ignore into Article_has_Category (articleId, categoryId) values (409, 3);
insert ignore into Article_has_Category (articleId, categoryId) values (128, 9);
insert ignore into Article_has_Category (articleId, categoryId) values (175, 12);
insert ignore into Article_has_Category (articleId, categoryId) values (186, 19);
insert ignore into Article_has_Category (articleId, categoryId) values (168, 17);
insert ignore into Article_has_Category (articleId, categoryId) values (89, 19);
insert ignore into Article_has_Category (articleId, categoryId) values (114, 2);
insert ignore into Article_has_Category (articleId, categoryId) values (387, 18);
insert ignore into Article_has_Category (articleId, categoryId) values (313, 10);
insert ignore into Article_has_Category (articleId, categoryId) values (98, 10);
insert ignore into Article_has_Category (articleId, categoryId) values (297, 11);
insert ignore into Article_has_Category (articleId, categoryId) values (416, 12);
insert ignore into Article_has_Category (articleId, categoryId) values (298, 7);
insert ignore into Article_has_Category (articleId, categoryId) values (137, 18);
insert ignore into Article_has_Category (articleId, categoryId) values (432, 8);
insert ignore into Article_has_Category (articleId, categoryId) values (106, 7);
insert ignore into Article_has_Category (articleId, categoryId) values (293, 9);
insert ignore into Article_has_Category (articleId, categoryId) values (123, 9);
insert ignore into Article_has_Category (articleId, categoryId) values (184, 5);
insert ignore into Article_has_Category (articleId, categoryId) values (173, 13);
insert ignore into Article_has_Category (articleId, categoryId) values (114, 2);
insert ignore into Article_has_Category (articleId, categoryId) values (440, 9);
insert ignore into Article_has_Category (articleId, categoryId) values (259, 5);
insert ignore into Article_has_Category (articleId, categoryId) values (89, 6);
insert ignore into Article_has_Category (articleId, categoryId) values (420, 14);
insert ignore into Article_has_Category (articleId, categoryId) values (220, 10);
insert ignore into Article_has_Category (articleId, categoryId) values (352, 16);
insert ignore into Article_has_Category (articleId, categoryId) values (21, 2);
insert ignore into Article_has_Category (articleId, categoryId) values (238, 8);
insert ignore into Article_has_Category (articleId, categoryId) values (286, 18);
insert ignore into Article_has_Category (articleId, categoryId) values (375, 3);
insert ignore into Article_has_Category (articleId, categoryId) values (268, 17);
insert ignore into Article_has_Category (articleId, categoryId) values (190, 8);
insert ignore into Article_has_Category (articleId, categoryId) values (244, 8);
insert ignore into Article_has_Category (articleId, categoryId) values (252, 7);
insert ignore into Article_has_Category (articleId, categoryId) values (261, 4);
insert ignore into Article_has_Category (articleId, categoryId) values (319, 9);
insert ignore into Article_has_Category (articleId, categoryId) values (46, 18);
insert ignore into Article_has_Category (articleId, categoryId) values (389, 18);
insert ignore into Article_has_Category (articleId, categoryId) values (238, 5);
insert ignore into Article_has_Category (articleId, categoryId) values (143, 6);
insert ignore into Article_has_Category (articleId, categoryId) values (246, 15);
insert ignore into Article_has_Category (articleId, categoryId) values (147, 13);
insert ignore into Article_has_Category (articleId, categoryId) values (111, 7);
insert ignore into Article_has_Category (articleId, categoryId) values (185, 17);
insert ignore into Article_has_Category (articleId, categoryId) values (115, 11);
insert ignore into Article_has_Category (articleId, categoryId) values (283, 19);
insert ignore into Article_has_Category (articleId, categoryId) values (237, 4);
insert ignore into Article_has_Category (articleId, categoryId) values (435, 9);
insert ignore into Article_has_Category (articleId, categoryId) values (184, 6);
insert ignore into Article_has_Category (articleId, categoryId) values (77, 2);
insert ignore into Article_has_Category (articleId, categoryId) values (168, 2);
insert ignore into Article_has_Category (articleId, categoryId) values (74, 3);
insert ignore into Article_has_Category (articleId, categoryId) values (106, 11);
insert ignore into Article_has_Category (articleId, categoryId) values (121, 9);
insert ignore into Article_has_Category (articleId, categoryId) values (335, 1);
insert ignore into Article_has_Category (articleId, categoryId) values (56, 15);
insert ignore into Article_has_Category (articleId, categoryId) values (205, 19);
insert ignore into Article_has_Category (articleId, categoryId) values (27, 12);
insert ignore into Article_has_Category (articleId, categoryId) values (367, 12);
insert ignore into Article_has_Category (articleId, categoryId) values (188, 10);
insert ignore into Article_has_Category (articleId, categoryId) values (401, 13);
insert ignore into Article_has_Category (articleId, categoryId) values (232, 6);
insert ignore into Article_has_Category (articleId, categoryId) values (258, 4);
insert ignore into Article_has_Category (articleId, categoryId) values (268, 4);
insert ignore into Article_has_Category (articleId, categoryId) values (312, 16);
insert ignore into Article_has_Category (articleId, categoryId) values (419, 4);
insert ignore into Article_has_Category (articleId, categoryId) values (357, 10);
insert ignore into Article_has_Category (articleId, categoryId) values (374, 18);
insert ignore into Article_has_Category (articleId, categoryId) values (260, 4);
insert ignore into Article_has_Category (articleId, categoryId) values (153, 15);
insert ignore into Article_has_Category (articleId, categoryId) values (349, 12);
insert ignore into Article_has_Category (articleId, categoryId) values (75, 12);
insert ignore into Article_has_Category (articleId, categoryId) values (302, 2);
insert ignore into Article_has_Category (articleId, categoryId) values (190, 20);
insert ignore into Article_has_Category (articleId, categoryId) values (93, 20);
insert ignore into Article_has_Category (articleId, categoryId) values (384, 9);
insert ignore into Article_has_Category (articleId, categoryId) values (372, 14);
insert ignore into Article_has_Category (articleId, categoryId) values (233, 13);
insert ignore into Article_has_Category (articleId, categoryId) values (305, 14);
insert ignore into Article_has_Category (articleId, categoryId) values (200, 17);
insert ignore into Article_has_Category (articleId, categoryId) values (63, 4);
insert ignore into Article_has_Category (articleId, categoryId) values (124, 17);
insert ignore into Article_has_Category (articleId, categoryId) values (318, 11);
insert ignore into Article_has_Category (articleId, categoryId) values (198, 3);
insert ignore into Article_has_Category (articleId, categoryId) values (350, 13);
insert ignore into Article_has_Category (articleId, categoryId) values (165, 16);
insert ignore into Article_has_Category (articleId, categoryId) values (280, 3);
insert ignore into Article_has_Category (articleId, categoryId) values (315, 3);
insert ignore into Article_has_Category (articleId, categoryId) values (171, 18);
insert ignore into Article_has_Category (articleId, categoryId) values (222, 14);
insert ignore into Article_has_Category (articleId, categoryId) values (291, 18);
insert ignore into Article_has_Category (articleId, categoryId) values (322, 15);
insert ignore into Article_has_Category (articleId, categoryId) values (176, 3);
insert ignore into Article_has_Category (articleId, categoryId) values (261, 17);
insert ignore into Article_has_Category (articleId, categoryId) values (414, 7);
insert ignore into Article_has_Category (articleId, categoryId) values (338, 13);
insert ignore into Article_has_Category (articleId, categoryId) values (341, 17);
insert ignore into Article_has_Category (articleId, categoryId) values (143, 11);
insert ignore into Article_has_Category (articleId, categoryId) values (349, 6);
insert ignore into Article_has_Category (articleId, categoryId) values (240, 5);
insert ignore into Article_has_Category (articleId, categoryId) values (90, 5);
insert ignore into Article_has_Category (articleId, categoryId) values (287, 6);
insert ignore into Article_has_Category (articleId, categoryId) values (85, 18);
insert ignore into Article_has_Category (articleId, categoryId) values (78, 15);
insert ignore into Article_has_Category (articleId, categoryId) values (211, 14);
insert ignore into Article_has_Category (articleId, categoryId) values (136, 2);
insert ignore into Article_has_Category (articleId, categoryId) values (238, 19);
insert ignore into Article_has_Category (articleId, categoryId) values (327, 3);
insert ignore into Article_has_Category (articleId, categoryId) values (371, 8);
insert ignore into Article_has_Category (articleId, categoryId) values (385, 13);
insert ignore into Article_has_Category (articleId, categoryId) values (10, 13);
insert ignore into Article_has_Category (articleId, categoryId) values (177, 13);
insert ignore into Article_has_Category (articleId, categoryId) values (8, 3);
insert ignore into Article_has_Category (articleId, categoryId) values (296, 13);
insert ignore into Article_has_Category (articleId, categoryId) values (270, 5);
insert ignore into Article_has_Category (articleId, categoryId) values (167, 8);
insert ignore into Article_has_Category (articleId, categoryId) values (170, 18);
insert ignore into Article_has_Category (articleId, categoryId) values (430, 2);
insert ignore into Article_has_Category (articleId, categoryId) values (160, 9);
insert ignore into Article_has_Category (articleId, categoryId) values (32, 15);
insert ignore into Article_has_Category (articleId, categoryId) values (383, 3);
insert ignore into Article_has_Category (articleId, categoryId) values (332, 19);
insert ignore into Article_has_Category (articleId, categoryId) values (75, 6);
insert ignore into Article_has_Category (articleId, categoryId) values (51, 3);
insert ignore into Article_has_Category (articleId, categoryId) values (239, 13);
insert ignore into Article_has_Category (articleId, categoryId) values (7, 3);
insert ignore into Article_has_Category (articleId, categoryId) values (254, 4);
insert ignore into Article_has_Category (articleId, categoryId) values (102, 11);
insert ignore into Article_has_Category (articleId, categoryId) values (171, 2);
insert ignore into Article_has_Category (articleId, categoryId) values (110, 10);
insert ignore into Article_has_Category (articleId, categoryId) values (184, 16);
insert ignore into Article_has_Category (articleId, categoryId) values (127, 16);
insert ignore into Article_has_Category (articleId, categoryId) values (385, 1);
insert ignore into Article_has_Category (articleId, categoryId) values (129, 11);
insert ignore into Article_has_Category (articleId, categoryId) values (59, 3);
insert ignore into Article_has_Category (articleId, categoryId) values (258, 16);
insert ignore into Article_has_Category (articleId, categoryId) values (223, 1);
insert ignore into Article_has_Category (articleId, categoryId) values (196, 5);
insert ignore into Article_has_Category (articleId, categoryId) values (27, 1);
insert ignore into Article_has_Category (articleId, categoryId) values (199, 15);
insert ignore into Article_has_Category (articleId, categoryId) values (77, 3);
insert ignore into Article_has_Category (articleId, categoryId) values (375, 15);
insert ignore into Article_has_Category (articleId, categoryId) values (144, 12);
insert ignore into Article_has_Category (articleId, categoryId) values (371, 20);
insert ignore into Article_has_Category (articleId, categoryId) values (354, 4);
insert ignore into Article_has_Category (articleId, categoryId) values (159, 6);
insert ignore into Article_has_Category (articleId, categoryId) values (34, 18);
insert ignore into Article_has_Category (articleId, categoryId) values (282, 11);
insert ignore into Article_has_Category (articleId, categoryId) values (28, 19);
insert ignore into Article_has_Category (articleId, categoryId) values (20, 19);
insert ignore into Article_has_Category (articleId, categoryId) values (112, 16);
insert ignore into Article_has_Category (articleId, categoryId) values (74, 4);
insert ignore into Article_has_Category (articleId, categoryId) values (57, 6);
insert ignore into Article_has_Category (articleId, categoryId) values (124, 5);
insert ignore into Article_has_Category (articleId, categoryId) values (3, 6);
insert ignore into Article_has_Category (articleId, categoryId) values (171, 10);
insert ignore into Article_has_Category (articleId, categoryId) values (238, 8);
insert ignore into Article_has_Category (articleId, categoryId) values (435, 10);
insert ignore into Article_has_Category (articleId, categoryId) values (413, 11);
insert ignore into Article_has_Category (articleId, categoryId) values (183, 12);
insert ignore into Article_has_Category (articleId, categoryId) values (362, 4);
insert ignore into Article_has_Category (articleId, categoryId) values (293, 5);
insert ignore into Article_has_Category (articleId, categoryId) values (134, 7);
insert ignore into Article_has_Category (articleId, categoryId) values (158, 12);
insert ignore into Article_has_Category (articleId, categoryId) values (424, 18);
insert ignore into Article_has_Category (articleId, categoryId) values (94, 11);
insert ignore into Article_has_Category (articleId, categoryId) values (190, 11);
insert ignore into Article_has_Category (articleId, categoryId) values (436, 19);
insert ignore into Article_has_Category (articleId, categoryId) values (447, 13);
insert ignore into Article_has_Category (articleId, categoryId) values (97, 18);
insert ignore into Article_has_Category (articleId, categoryId) values (275, 10);
insert ignore into Article_has_Category (articleId, categoryId) values (202, 8);
insert ignore into Article_has_Category (articleId, categoryId) values (429, 8);
insert ignore into Article_has_Category (articleId, categoryId) values (359, 6);
insert ignore into Article_has_Category (articleId, categoryId) values (285, 7);
insert ignore into Article_has_Category (articleId, categoryId) values (221, 5);
insert ignore into Article_has_Category (articleId, categoryId) values (310, 8);
insert ignore into Article_has_Category (articleId, categoryId) values (417, 1);
insert ignore into Article_has_Category (articleId, categoryId) values (231, 6);
insert ignore into Article_has_Category (articleId, categoryId) values (256, 15);
insert ignore into Article_has_Category (articleId, categoryId) values (132, 9);
insert ignore into Article_has_Category (articleId, categoryId) values (437, 5);
insert ignore into Article_has_Category (articleId, categoryId) values (80, 19);
insert ignore into Article_has_Category (articleId, categoryId) values (16, 10);
insert ignore into Article_has_Category (articleId, categoryId) values (43, 8);
insert ignore into Article_has_Category (articleId, categoryId) values (360, 4);
insert ignore into Article_has_Category (articleId, categoryId) values (315, 13);
insert ignore into Article_has_Category (articleId, categoryId) values (140, 12);
insert ignore into Article_has_Category (articleId, categoryId) values (239, 2);
insert ignore into Article_has_Category (articleId, categoryId) values (427, 14);
insert ignore into Article_has_Category (articleId, categoryId) values (356, 8);
insert ignore into Article_has_Category (articleId, categoryId) values (138, 17);
insert ignore into Article_has_Category (articleId, categoryId) values (131, 15);
insert ignore into Article_has_Category (articleId, categoryId) values (102, 7);
insert ignore into Article_has_Category (articleId, categoryId) values (195, 14);
insert ignore into Article_has_Category (articleId, categoryId) values (128, 9);
insert ignore into Article_has_Category (articleId, categoryId) values (83, 16);
insert ignore into Article_has_Category (articleId, categoryId) values (234, 11);
insert ignore into Article_has_Category (articleId, categoryId) values (438, 12);
insert ignore into Article_has_Category (articleId, categoryId) values (244, 4);
insert ignore into Article_has_Category (articleId, categoryId) values (308, 13);
insert ignore into Article_has_Category (articleId, categoryId) values (252, 19);
insert ignore into Article_has_Category (articleId, categoryId) values (244, 14);
insert ignore into Article_has_Category (articleId, categoryId) values (351, 16);
insert ignore into Article_has_Category (articleId, categoryId) values (326, 4);
insert ignore into Article_has_Category (articleId, categoryId) values (331, 8);
insert ignore into Article_has_Category (articleId, categoryId) values (391, 13);
insert ignore into Article_has_Category (articleId, categoryId) values (181, 5);
insert ignore into Article_has_Category (articleId, categoryId) values (225, 17);
insert ignore into Article_has_Category (articleId, categoryId) values (444, 6);
insert ignore into Article_has_Category (articleId, categoryId) values (427, 4);
insert ignore into Article_has_Category (articleId, categoryId) values (33, 15);
insert ignore into Article_has_Category (articleId, categoryId) values (432, 6);
insert ignore into Article_has_Category (articleId, categoryId) values (276, 7);
insert ignore into Article_has_Category (articleId, categoryId) values (263, 16);
insert ignore into Article_has_Category (articleId, categoryId) values (121, 17);
insert ignore into Article_has_Category (articleId, categoryId) values (6, 15);
insert ignore into Article_has_Category (articleId, categoryId) values (386, 7);
insert ignore into Article_has_Category (articleId, categoryId) values (117, 13);
insert ignore into Article_has_Category (articleId, categoryId) values (355, 13);
insert ignore into Article_has_Category (articleId, categoryId) values (426, 3);
insert ignore into Article_has_Category (articleId, categoryId) values (135, 2);
insert ignore into Article_has_Category (articleId, categoryId) values (73, 19);
insert ignore into Article_has_Category (articleId, categoryId) values (139, 19);
insert ignore into Article_has_Category (articleId, categoryId) values (395, 11);
insert ignore into Article_has_Category (articleId, categoryId) values (341, 20);
insert ignore into Article_has_Category (articleId, categoryId) values (147, 13);
insert ignore into Article_has_Category (articleId, categoryId) values (341, 3);
insert ignore into Article_has_Category (articleId, categoryId) values (282, 16);
insert ignore into Article_has_Category (articleId, categoryId) values (179, 8);
insert ignore into Article_has_Category (articleId, categoryId) values (24, 20);
insert ignore into Article_has_Category (articleId, categoryId) values (242, 20);
insert ignore into Article_has_Category (articleId, categoryId) values (201, 10);
insert ignore into Article_has_Category (articleId, categoryId) values (395, 17);
insert ignore into Article_has_Category (articleId, categoryId) values (247, 20);
insert ignore into Article_has_Category (articleId, categoryId) values (221, 4);
insert ignore into Article_has_Category (articleId, categoryId) values (406, 16);
insert ignore into Article_has_Category (articleId, categoryId) values (4, 2);
insert ignore into Article_has_Category (articleId, categoryId) values (190, 12);
insert ignore into Article_has_Category (articleId, categoryId) values (417, 10);
insert ignore into Article_has_Category (articleId, categoryId) values (128, 15);
insert ignore into Article_has_Category (articleId, categoryId) values (173, 13);
insert ignore into Article_has_Category (articleId, categoryId) values (72, 11);
insert ignore into Article_has_Category (articleId, categoryId) values (427, 15);
insert ignore into Article_has_Category (articleId, categoryId) values (173, 3);
insert ignore into Article_has_Category (articleId, categoryId) values (251, 20);
insert ignore into Article_has_Category (articleId, categoryId) values (95, 1);
insert ignore into Article_has_Category (articleId, categoryId) values (53, 11);
insert ignore into Article_has_Category (articleId, categoryId) values (374, 20);
insert ignore into Article_has_Category (articleId, categoryId) values (181, 18);
insert ignore into Article_has_Category (articleId, categoryId) values (104, 3);
insert ignore into Article_has_Category (articleId, categoryId) values (397, 12);
insert ignore into Article_has_Category (articleId, categoryId) values (376, 20);
insert ignore into Article_has_Category (articleId, categoryId) values (27, 17);
insert ignore into Article_has_Category (articleId, categoryId) values (238, 6);
insert ignore into Article_has_Category (articleId, categoryId) values (435, 13);
insert ignore into Article_has_Category (articleId, categoryId) values (242, 10);
insert ignore into Article_has_Category (articleId, categoryId) values (86, 11);
insert ignore into Article_has_Category (articleId, categoryId) values (237, 4);
insert ignore into Article_has_Category (articleId, categoryId) values (213, 11);
insert ignore into Article_has_Category (articleId, categoryId) values (338, 18);
insert ignore into Article_has_Category (articleId, categoryId) values (301, 7);
insert ignore into Article_has_Category (articleId, categoryId) values (378, 11);
insert ignore into Article_has_Category (articleId, categoryId) values (257, 17);
insert ignore into Article_has_Category (articleId, categoryId) values (116, 5);
insert ignore into Article_has_Category (articleId, categoryId) values (332, 18);
insert ignore into Article_has_Category (articleId, categoryId) values (415, 1);
insert ignore into Article_has_Category (articleId, categoryId) values (286, 9);
insert ignore into Article_has_Category (articleId, categoryId) values (289, 2);
insert ignore into Article_has_Category (articleId, categoryId) values (431, 13);
insert ignore into Article_has_Category (articleId, categoryId) values (417, 3);
insert ignore into Article_has_Category (articleId, categoryId) values (395, 19);
insert ignore into Article_has_Category (articleId, categoryId) values (215, 12);
insert ignore into Article_has_Category (articleId, categoryId) values (411, 2);
insert ignore into Article_has_Category (articleId, categoryId) values (445, 11);
insert ignore into Article_has_Category (articleId, categoryId) values (313, 17);
insert ignore into Article_has_Category (articleId, categoryId) values (192, 20);
insert ignore into Article_has_Category (articleId, categoryId) values (196, 16);
insert ignore into Article_has_Category (articleId, categoryId) values (161, 9);
insert ignore into Article_has_Category (articleId, categoryId) values (230, 10);
insert ignore into Article_has_Category (articleId, categoryId) values (281, 5);
insert ignore into Article_has_Category (articleId, categoryId) values (206, 12);
insert ignore into Article_has_Category (articleId, categoryId) values (351, 5);
insert ignore into Article_has_Category (articleId, categoryId) values (287, 12);
insert ignore into Article_has_Category (articleId, categoryId) values (333, 14);
insert ignore into Article_has_Category (articleId, categoryId) values (288, 13);
insert ignore into Article_has_Category (articleId, categoryId) values (415, 7);
insert ignore into Article_has_Category (articleId, categoryId) values (204, 20);
insert ignore into Article_has_Category (articleId, categoryId) values (133, 2);
insert ignore into Article_has_Category (articleId, categoryId) values (71, 12);
insert ignore into Article_has_Category (articleId, categoryId) values (212, 2);
insert ignore into Article_has_Category (articleId, categoryId) values (194, 9);
insert ignore into Article_has_Category (articleId, categoryId) values (432, 1);
insert ignore into Article_has_Category (articleId, categoryId) values (244, 15);
insert ignore into Article_has_Category (articleId, categoryId) values (442, 18);
insert ignore into Article_has_Category (articleId, categoryId) values (321, 17);
insert ignore into Article_has_Category (articleId, categoryId) values (36, 20);
insert ignore into Article_has_Category (articleId, categoryId) values (43, 1);
insert ignore into Article_has_Category (articleId, categoryId) values (64, 14);
insert ignore into Article_has_Category (articleId, categoryId) values (173, 17);
insert ignore into Article_has_Category (articleId, categoryId) values (52, 12);
insert ignore into Article_has_Category (articleId, categoryId) values (85, 12);
insert ignore into Article_has_Category (articleId, categoryId) values (103, 14);
insert ignore into Article_has_Category (articleId, categoryId) values (18, 15);
insert ignore into Article_has_Category (articleId, categoryId) values (284, 20);
insert ignore into Article_has_Category (articleId, categoryId) values (383, 10);
insert ignore into Article_has_Category (articleId, categoryId) values (53, 15);
insert ignore into Article_has_Category (articleId, categoryId) values (244, 18);
insert ignore into Article_has_Category (articleId, categoryId) values (152, 4);
insert ignore into Article_has_Category (articleId, categoryId) values (263, 12);
insert ignore into Article_has_Category (articleId, categoryId) values (312, 17);
insert ignore into Article_has_Category (articleId, categoryId) values (275, 14);
insert ignore into Article_has_Category (articleId, categoryId) values (200, 3);
insert ignore into Article_has_Category (articleId, categoryId) values (174, 18);
insert ignore into Article_has_Category (articleId, categoryId) values (275, 6);
insert ignore into Article_has_Category (articleId, categoryId) values (176, 4);
insert ignore into Article_has_Category (articleId, categoryId) values (281, 4);
insert ignore into Article_has_Category (articleId, categoryId) values (139, 14);
insert ignore into Article_has_Category (articleId, categoryId) values (20, 6);
insert ignore into Article_has_Category (articleId, categoryId) values (19, 19);
insert ignore into Article_has_Category (articleId, categoryId) values (113, 16);
insert ignore into Article_has_Category (articleId, categoryId) values (429, 13);
insert ignore into Article_has_Category (articleId, categoryId) values (382, 1);
insert ignore into Article_has_Category (articleId, categoryId) values (121, 18);
insert ignore into Article_has_Category (articleId, categoryId) values (142, 2);
insert ignore into Article_has_Category (articleId, categoryId) values (95, 2);
insert ignore into Article_has_Category (articleId, categoryId) values (227, 1);
insert ignore into Article_has_Category (articleId, categoryId) values (114, 3);
insert ignore into Article_has_Category (articleId, categoryId) values (436, 10);
insert ignore into Article_has_Category (articleId, categoryId) values (147, 9);
insert ignore into Article_has_Category (articleId, categoryId) values (268, 14);
insert ignore into Article_has_Category (articleId, categoryId) values (140, 15);
insert ignore into Article_has_Category (articleId, categoryId) values (364, 6);
insert ignore into Article_has_Category (articleId, categoryId) values (25, 9);
insert ignore into Article_has_Category (articleId, categoryId) values (331, 1);
insert ignore into Article_has_Category (articleId, categoryId) values (101, 4);
insert ignore into Article_has_Category (articleId, categoryId) values (265, 9);
insert ignore into Article_has_Category (articleId, categoryId) values (368, 2);
insert ignore into Article_has_Category (articleId, categoryId) values (315, 15);
insert ignore into Article_has_Category (articleId, categoryId) values (11, 8);
insert ignore into Article_has_Category (articleId, categoryId) values (227, 19);
insert ignore into Article_has_Category (articleId, categoryId) values (111, 14);
insert ignore into Article_has_Category (articleId, categoryId) values (403, 8);
insert ignore into Article_has_Category (articleId, categoryId) values (342, 19);
insert ignore into Article_has_Category (articleId, categoryId) values (282, 1);
insert ignore into Article_has_Category (articleId, categoryId) values (36, 19);
insert ignore into Article_has_Category (articleId, categoryId) values (172, 9);
insert ignore into Article_has_Category (articleId, categoryId) values (133, 15);
insert ignore into Article_has_Category (articleId, categoryId) values (341, 1);
insert ignore into Article_has_Category (articleId, categoryId) values (201, 4);
insert ignore into Article_has_Category (articleId, categoryId) values (65, 8);
insert ignore into Article_has_Category (articleId, categoryId) values (159, 1);
insert ignore into Article_has_Category (articleId, categoryId) values (429, 17);
insert ignore into Article_has_Category (articleId, categoryId) values (424, 11);
insert ignore into Article_has_Category (articleId, categoryId) values (314, 9);
insert ignore into Article_has_Category (articleId, categoryId) values (376, 2);
